group,training_seed,status,target_luts,hit,first_candidate,candidates_observed,censored
A,10,complete,300,False,,1000,True
A,11,complete,300,False,,1000,True
A,12,complete,300,False,,1000,True
B,10,complete,300,False,,1000,True
B,11,complete,300,False,,1000,True
B,12,complete,300,False,,1000,True
C,10,complete,300,True,39,1000,False
C,11,complete,300,True,48,1000,False
C,12,complete,300,True,35,1000,False
D,10,complete,300,True,39,1000,False
D,11,complete,300,True,48,1000,False
D,12,complete,300,True,35,1000,False
F,10,complete,300,True,39,1000,False
F,11,complete,300,True,48,1000,False
F,12,complete,300,True,35,1000,False
U,10,complete,300,True,38,1000,False
U,11,complete,300,True,69,1000,False
U,12,complete,300,True,42,1000,False
