group,training_seed,status,complete,H,K,candidates,candidate_budget,episodes_completed,updates,best_luts,best_levels,feasible,best_feasible_luts,best_episode,best_iteration,training_seconds,infeasible_candidates,initial_network_hash,final_network_hash,checkpoint_sha256,initial_mappings,target_first_candidate
A,10,complete,True,10,10,1000,1000,100,100,304,4,True,304,89,10,181.67753349699996,0,c349a69f4804a7305300ba4a446ef37baab6bb06086f2199b85a57a4a7c9fcde,ce47593db237a2daeba9d7f57f6d7d0725edec6c26f732663d8c422f64616999,29af25ba53068eb45d6396fd6c3cad3ba4130295911bef707733efeebb70d503,100,
A,11,complete,True,10,10,1000,1000,100,100,310,4,True,310,68,8,182.72234095700003,0,a38ebaf6eebe79a4bd3247920b16d3743e977bd645e12580bad8604ac7274937,1f5f1abb7153cf5b406f99e095a67a45726aa648c79fd22c608cf573efd14588,71c3d5f08b4407e156cb248e17ece0a712d218a7a67cba07c944e0b1b38e92bc,100,
A,12,complete,True,10,10,1000,1000,100,100,304,4,True,304,30,10,183.9076688709999,0,51a004e303e0d5f1ba7dd28fc05a1b77f0f0e5045efd6715965a10103ba0b6c3,759f481c5df82d9210c3db9b4b8e8e726d7c2c1dde43863497b325ec91df7c87,1c42b14a8d32d0b7ab16386d59fcd2a27bb47f0517648c6e456669c90a020735,100,
B,10,complete,True,10,10,1000,1000,100,100,304,4,True,304,89,10,214.95956295200003,0,c349a69f4804a7305300ba4a446ef37baab6bb06086f2199b85a57a4a7c9fcde,ec6a2aa318c221c79b012ca502fe463d77a5792797328a07e37a3039a384c73e,f690065e158b119fa80eecc1feacca256587ffcf2554ea69c25f8bdcd192f1af,100,
B,11,complete,True,10,10,1000,1000,100,100,310,4,True,310,68,8,216.24873528699996,0,a38ebaf6eebe79a4bd3247920b16d3743e977bd645e12580bad8604ac7274937,30b4237504ce4f8c1e4550eea52341b068b4bbc0142a15b67e58424c1ae7a78c,61330c5dbd5efa92c3a8f8c70828279ad1bd10989b1e8ab5bb1a4c2067734ba9,100,
B,12,complete,True,10,10,1000,1000,100,100,301,4,True,301,60,10,219.03656037799993,0,51a004e303e0d5f1ba7dd28fc05a1b77f0f0e5045efd6715965a10103ba0b6c3,a48c8953420dc9f38c15fe05350085ed65863b4b26735b292beb295867da25b6,b867f03f169e7c0c72008661a411667f6655a43e8e75f3b283bd3ee1f295f3d0,100,
C,10,complete,True,50,50,1000,1000,20,20,286,4,True,286,13,48,300.99707195800005,0,c349a69f4804a7305300ba4a446ef37baab6bb06086f2199b85a57a4a7c9fcde,4b23205d84c30dc43cc426114ae462ca64b285b72eb2245585c57b7161d42c49,ef248bd4e6ef8e89cc210df25c0243f0c21f5b945fe6436c4128487b3cf3557a,20,39
C,11,complete,True,50,50,1000,1000,20,20,289,4,True,289,17,45,322.36003066599994,0,a38ebaf6eebe79a4bd3247920b16d3743e977bd645e12580bad8604ac7274937,e6f25568e56962997db88d981a3e9c6354d9e21e46fb4f821de66d4673735ec5,5449fbbd5bc08aa658d5dca747c6e390ad85cdfc118526fedb81ebd0426d94e8,20,48
C,12,complete,True,50,50,1000,1000,20,20,282,4,True,282,14,49,321.4047712919999,0,51a004e303e0d5f1ba7dd28fc05a1b77f0f0e5045efd6715965a10103ba0b6c3,634d62b6cf286123a8bc35ffb9a833e8e6585ea5236cf355cae2a99ec27de095,70eb31a8410a86942cc9f141eb8386cee17b347381f9ae9b0ee8f33687cb2f66,20,35
D,10,complete,True,50,10,1000,1000,20,100,286,4,True,286,13,48,319.0832865020002,0,c349a69f4804a7305300ba4a446ef37baab6bb06086f2199b85a57a4a7c9fcde,2ce6cacce363e67444093f1297c8c298d010bdca1958a0a0c56445bc4a70e94e,097c6b5c164d910c1aef717b153667b615eb627616ea69c69ba7d554df10d7c7,20,39
D,11,complete,True,50,10,1000,1000,20,100,290,4,True,290,5,45,347.68740612999983,0,a38ebaf6eebe79a4bd3247920b16d3743e977bd645e12580bad8604ac7274937,09ba9518dd774bca153982d9f7bd5e4f071153b20dda7b3e8a93d01e41120035,9660bce1de449fe72741e697786b73677cb6c1b3d2ca0949a00803f1ebf91838,20,48
D,12,complete,True,50,10,1000,1000,20,100,280,4,True,280,7,38,349.5783442109997,0,51a004e303e0d5f1ba7dd28fc05a1b77f0f0e5045efd6715965a10103ba0b6c3,67c0f7d0c81695462563cbc8e323f807aff1286836bb3d74834f3f87275ddf7c,8b14d2526c252163e7a2e7b64d2171c4db62e37a982c1331887678ac73090d8c,20,35
F,10,complete,True,50,10,1000,1000,20,0,286,4,True,286,13,48,351.1221293319999,0,c349a69f4804a7305300ba4a446ef37baab6bb06086f2199b85a57a4a7c9fcde,c349a69f4804a7305300ba4a446ef37baab6bb06086f2199b85a57a4a7c9fcde,72547192f9de9754c58912b16e40cc976191162ca50f426cfb83f18c4da69522,20,39
F,11,complete,True,50,10,1000,1000,20,0,290,4,True,290,9,41,376.06857820399995,0,a38ebaf6eebe79a4bd3247920b16d3743e977bd645e12580bad8604ac7274937,a38ebaf6eebe79a4bd3247920b16d3743e977bd645e12580bad8604ac7274937,0d4e2ba617d58c241d359dca1ec9df31d8e86490231d8c255d35444bcc97a28b,20,48
F,12,complete,True,50,10,1000,1000,20,0,286,4,True,286,1,48,376.140718462,0,51a004e303e0d5f1ba7dd28fc05a1b77f0f0e5045efd6715965a10103ba0b6c3,51a004e303e0d5f1ba7dd28fc05a1b77f0f0e5045efd6715965a10103ba0b6c3,ff97fe1dfcfeddd2ddf908ad1823c10cf96f06ee504ca6c99aeeca89cfeaed30,20,35
U,10,complete,True,50,10,1000,1000,20,0,284,4,True,284,7,50,309.707301578,0,c349a69f4804a7305300ba4a446ef37baab6bb06086f2199b85a57a4a7c9fcde,c349a69f4804a7305300ba4a446ef37baab6bb06086f2199b85a57a4a7c9fcde,baf8249e00510da76a79c9e024da15b09e8c2a07f97928fcfdb5b9f2f99f92b9,20,38
U,11,complete,True,50,10,1000,1000,20,0,285,4,True,285,5,45,282.485335208,0,a38ebaf6eebe79a4bd3247920b16d3743e977bd645e12580bad8604ac7274937,a38ebaf6eebe79a4bd3247920b16d3743e977bd645e12580bad8604ac7274937,2d097043c6b89df9ba26d01f3001ce8191c661821a74a0fb3f1764ccaeb11180,20,69
U,12,complete,True,50,10,1000,1000,20,0,287,4,True,287,2,42,276.22641666699997,0,51a004e303e0d5f1ba7dd28fc05a1b77f0f0e5045efd6715965a10103ba0b6c3,51a004e303e0d5f1ba7dd28fc05a1b77f0f0e5045efd6715965a10103ba0b6c3,d44e96fbe3aea6f294b18024b4627c30f7cfdf2f206f1082144edce71d99bf63,20,42
