seed,old_gap,new_gap,initial_gap,old_minus_new,greedy_actions,greedy_gap
0,12.031316458668,17.643718218687464,19.57696871479585,-5.6124017600194644,"[0, 6, 4, 4]",19
1,11.626927500151004,12.189639539337358,22.822368854815135,-0.5627120391863549,"[1, 1, 1, 1]",13
2,15.796210172607699,13.019996502660476,20.36483144979935,2.7762136699472233,"[1, 1, 1, 1]",13
3,11.26524181039206,13.235448547905792,20.566841960279433,-1.970206737513731,"[1, 1, 1, 1]",13
4,11.774403367458541,12.535368055792325,20.65600802402754,-0.7609646883337842,"[1, 1, 1, 1]",13
5,11.233015741755507,12.31185364791262,20.161237043583743,-1.0788379061571138,"[1, 1, 1, 1]",13
6,19.71935597974314,19.71120201798985,20.312527145025413,0.008153961753286865,"[0, 6, 0, 0]",26
7,37.60992101885415,12.782083751039039,19.775359359721204,24.827837267815113,"[1, 1, 1, 1]",13
8,15.660445424135283,12.920180937026092,20.506636340371752,2.74026448710919,"[1, 1, 1, 1]",13
9,22.013038002619318,17.830741222152678,20.215242769826773,4.18229678046664,"[0, 6, 0, 0]",26
