circuit,seed,group,status,episodes,best_luts,best_levels,feasible,gap,hit,checkpoint_sha256
int2float,0,lr001,complete,250,45,3,True,1,False,7c32374031713b468ccbf5ca90108be719cc334f89c40c3ad1f1ca6a858643c6
int2float,0,lr010,complete,250,46,3,True,2,False,f8a59a8b357ce16b2f3d397109adccb8ccf4b70dcf1416d5f546894ea5f4e83e
int2float,0,uniform,complete,250,45,3,True,1,False,d9ed940b93de4ff4aa3322f2f7890a452d59cb8df52226d52789674e42901724
int2float,1,lr001,complete,250,45,3,True,1,False,c03aaf306fc5db9085def68f6895e15fef189d70eb7288db14ab28f7f1632ad0
int2float,1,lr010,complete,250,45,3,True,1,False,2a1832a1f525cfc2dfa76eccbd30b2ddd28c2ec2e455050641a26f921f934072
int2float,1,uniform,complete,250,44,3,True,0,True,9af75e8ea910e55e52230073f6fc2f4244d5431859a7ef4cefac816d5a7e73a2
int2float,2,lr001,complete,250,44,3,True,0,True,a26720c8a9d0d89aec587a8f54cdf03d4d7f8dfb0c6ed137e6b033687f6cc1fd
int2float,2,lr010,complete,250,44,3,True,0,True,3f58d525580ed2857e7aa0cb51d71b03f053febe12ee101ffb08bd11d9b05468
int2float,2,uniform,complete,250,45,3,True,1,False,eddac0624aa75aa06a822acaf4a1f80316d5ce43a57c37cf874e70693395cf6c
int2float,3,lr001,complete,250,44,3,True,0,True,bfd22c824963d533d64fa93ba1713b9e7f4ac55aef4dcce38ec5e14684b3b18b
int2float,3,lr010,complete,250,45,3,True,1,False,e59769982911d1ac8069d1ea0a39eb723e12d1687ef40d5b78feab038090d3ca
int2float,3,uniform,complete,250,45,3,True,1,False,2830944032fd72c2ba4341479a3b68e7950f57a9e583466e7c3405b1e3e62bd2
int2float,4,lr001,complete,250,46,3,True,2,False,873401cbfbc20753741699a664a07e183f18ebfca9f1a74ef397cd86c8132af5
int2float,4,lr010,complete,250,46,3,True,2,False,1e26757b2495edb91b728fa0659c2ea6e8cd2b664764e20b435f00eaace71668
int2float,4,uniform,complete,250,46,3,True,2,False,237291884546ae044e231559c1af2491efe75556dda569f6e0bdc5db099d2f80
int2float,5,lr001,complete,250,45,3,True,1,False,f0754cee069478806822d06b08a72276c407cc8a7d6fd35637ae49f7226dabd4
int2float,5,lr010,complete,250,45,3,True,1,False,d7189a50d99d1e67d419f63cdeef01c10671931527bafca80ac8909a4bf3467b
int2float,5,uniform,complete,250,45,3,True,1,False,c29cfd63448bc937c6094f6872ec639c4b99af7e4504f6fcd0de719f77a30f62
int2float,6,lr001,complete,250,45,3,True,1,False,35882185e33f49a80b7f43102528942f7d71b61dd0c8ea1e99984f72d81f020e
int2float,6,lr010,complete,250,45,3,True,1,False,1b49279f7e6d6fee5e1ef7d6e5fc81e5ba58bfb2e3546fcc7798e42966500871
int2float,6,uniform,complete,250,45,3,True,1,False,49d844774ba9ba7fdeabd397068e5f6992c8dc53c0d84082a12cbb48b1b955aa
int2float,7,lr001,complete,250,45,3,True,1,False,cb38fb5529bd7022bda60125f395a0b4c2e30f3d3270014d651fcf591dfd62fc
int2float,7,lr010,complete,250,45,3,True,1,False,ee160367e8c904c28792270967cd8b0608ae87c36633b3a74fa839610eb2c1a7
int2float,7,uniform,complete,250,45,3,True,1,False,a6afca31390e1d8055cf105c54e3e2093cab3371940b2f20035a7e96b380f091
int2float,8,lr001,complete,250,46,3,True,2,False,2839944069327090980c63cb8880b33c8e0272d17471878718bcbe11933588a1
int2float,8,lr010,complete,250,46,3,True,2,False,8d90d79b015209cb0f1915e5efefb668be161193be94642c3eee024bd2ba501d
int2float,8,uniform,complete,250,46,3,True,2,False,d4e7a7b3890d8c090e46edca32bef04f59b10fa0649fab12ea344b6325db39d9
int2float,9,lr001,complete,250,45,3,True,1,False,989c24064e1954036cf98221e223c3732783e23a2746ed2c6a5979f4c337498f
int2float,9,lr010,complete,250,45,3,True,1,False,4579f8c6859088b5a923ed385d936f09357ea4b61a31ee693b1fae633b890494
int2float,9,uniform,complete,250,44,3,True,0,True,37b14462a71d6ef0c3a66ed0ab28f94bd23b247e7c4c49c91046cba059f6c0a7
i2c,0,lr001,complete,250,313,4,True,1,False,8325f0bd5c18ccf4c01d8e9bdec2e4f9f9d4f6c0e79880beede8b60442e3dcab
i2c,0,lr010,complete,250,312,4,True,0,True,725088e92529a14a302ceb0f8a101e60fff4bf4ed10756a11254b9eb051acb56
i2c,0,uniform,complete,250,313,4,True,1,False,8e0078d93c927cc612a0a4f39e3a83bd44f08d6158030bf7f075416ca7464080
i2c,1,lr001,complete,250,316,4,True,4,False,901911f0cceb88da30561218aee1cc1c2e901b9533c3986d5c71b6262c8cf591
i2c,1,lr010,complete,250,313,4,True,1,False,74f7aa36bf2cef9395e107053765f02527abe36c5db50587cb175393cf0afc9e
i2c,1,uniform,complete,250,316,4,True,4,False,912cae5d12023f96bf5a7912874e4a2a94c686808bd328d32a8ff63c38c32c2c
i2c,2,lr001,complete,250,313,4,True,1,False,0fa82f79894fe7bcd404b1f1c4e1efabb743a75139aad4fba3f1b85816f93925
i2c,2,lr010,complete,250,315,4,True,3,False,3a58b25d2a03969f12e7d56c74b8630c763468eec9eeabca960e7cd748aa4b64
i2c,2,uniform,complete,250,315,4,True,3,False,708166dcb9893f8fecc56ca7b0b4f5dfc7b9ef440077cf225648fd0d5aafdae7
i2c,3,lr001,complete,250,315,4,True,3,False,6595fa209622fa29795ec18b5b15d35e269080f7a4606ed0037bb083a323020f
i2c,3,lr010,complete,250,312,4,True,0,True,3629104a50dd2383a630d27205f99eaf728212ba689403a8f6fef543d6200488
i2c,3,uniform,complete,250,315,4,True,3,False,dbee284468761b121e8c21df3de22c383bb13fc5e2c141eceba73877605e4661
i2c,4,lr001,complete,250,315,4,True,3,False,1f19838100fdb7e6f06b06e8f84c59a628cdb23e4e4391ae1ec8ffafcaa5061d
i2c,4,lr010,complete,250,313,4,True,1,False,7481f1e1b01334f6bec501497706e8d1ae23c9a9c1d52ea494346195f8031cab
i2c,4,uniform,complete,250,316,4,True,4,False,a5cadd32714a8838eea3116fddb38e3e36e0918cbc846dcd6440ce756e213293
i2c,5,lr001,complete,250,312,4,True,0,True,93498a860ecfa449590fcc16f0c9603b6756329f7bc282da0728bc2a11b87d4f
i2c,5,lr010,complete,250,312,4,True,0,True,b631a599ac7dbeb2e50e185daa11f68f1bd4673e439181bdbe7ae5d16d9208f3
i2c,5,uniform,complete,250,312,4,True,0,True,2b9fa3fbbea794bf686bde8c7503567dadedc192192af4ef6ca0ee39e75b68ea
i2c,6,lr001,complete,250,313,4,True,1,False,5b8e6fd1bb759e10e76d790a4066f18f75b05425ef1637f009d09d2c1c6fb7e4
i2c,6,lr010,complete,250,312,4,True,0,True,f6a2cc6ecf1e9c1471f256bbf379c3499fa87778161d1f08e2aa2a7e1dcd7810
i2c,6,uniform,complete,250,315,4,True,3,False,be8cbf8d2814b7e877e6cfe184b2eb0448eeb4b6db9fe4cc21f8c47fe620ae53
i2c,7,lr001,complete,250,313,4,True,1,False,f485a2ac15892036cd9eea668731f60e834afdfbbe1e7d17970bbb601db6b613
i2c,7,lr010,complete,250,313,4,True,1,False,3b3f1cffd0a8f4d56a115cdc8d4523a1509f9d5c280b1dbce1bb7eff9e9b90ba
i2c,7,uniform,complete,250,315,4,True,3,False,337b8d8263f8cb7db057f93a30c8b5b02951b130f72a9c336e045b19757792c6
i2c,8,lr001,complete,250,312,4,True,0,True,1d08178355c522a9a029897e1f624be091531831a6102ec65c2a0a4a0d195232
i2c,8,lr010,complete,250,312,4,True,0,True,749d93f13cd9773ac4696333be7cba6a7afd800e3a883d170d8c38d2f4a3ec1e
i2c,8,uniform,complete,250,312,4,True,0,True,aed3e9129e8c8e4ec0066de9d9b5be02f7d0fcd949b86b26e5ca94791423592d
i2c,9,lr001,complete,250,312,4,True,0,True,6785e4d060b66e06133543302c640cf82d8dbc0d3db887524e93bd7d32015097
i2c,9,lr010,complete,250,312,4,True,0,True,7d4ade4b4c1327dfeeb68bb846223a6d44861c1003d03c2616bf116842d962ed
i2c,9,uniform,complete,250,312,4,True,0,True,4802bac878cdbb1ead886d9bd6cf55e5cd42347673637e6a8598ae5119bfde75
max,0,lr001,complete,250,781,41,True,0,True,389df8069030b82b86c762865cde5028f08e27765626191281029363cca936bf
max,0,lr010,complete,250,781,41,True,0,True,02655befa766d9e3827e3f2de0f46fac8fbcd2706828f68d1fe75be78ec0fee5
max,0,uniform,complete,250,781,41,True,0,True,69fc884a65403ed49be5e1e9f33b07947feae18bd5226bfee5202391bb5dcdd9
max,1,lr001,complete,250,781,41,True,0,True,ef9b88237bfbbfe5bbe60e7d5bfb30265fe598ca8b4decd2ff64a0204b6f6a49
max,1,lr010,complete,250,797,41,True,16,False,45ff48946e4f58c11bf7f7760404afc89ac5d1629e9b8c750415c84720b2ecaa
max,1,uniform,complete,250,781,41,True,0,True,25f58f91b4c9a950385049a08bc064d4f3fcfad3b1bf9019038d85206a61ec27
max,2,lr001,complete,250,781,41,True,0,True,4213461048818314ca69377313a208c123bb6f1ce7487dc7a6b19d64cde63df1
max,2,lr010,complete,250,782,42,False,,False,5fb7fd63b9415b8baae15bcb748e5a258aa7af0d9c51245c196859c56f9a7bd6
max,2,uniform,complete,250,781,41,True,0,True,1dfeb0da1d65533857c4801d3c4dd513d7a1b0f8d198b07ed2f22f2e5dfef683
max,3,lr001,complete,250,781,41,True,0,True,b3d4bac2a31c7c3a06ab3617d34b9b40d3d3ca2922171a79e4fe44cf59f704a9
max,3,lr010,complete,250,782,42,False,,False,4c41be0e544f156d4f9c049e0816f6db33947263b6aa205c56fb0b4b28424e23
max,3,uniform,complete,250,781,41,True,0,True,1f5baa2775428d6b765b53fbeaa31b410c26b4502625200e47996e2172001f2b
max,4,lr001,complete,250,781,41,True,0,True,23b02de6660830ef2e568d31964daa270d3069bbb808aa0e5df57d222d9de2b3
max,4,lr010,complete,250,781,41,True,0,True,5e19e9a99db48c0b54c844223043f06264cd2fcd669b5313e60c44568978fe7c
max,4,uniform,complete,250,781,41,True,0,True,675c9d0098897be7142f666b0630bfef258e30e9bbc93764d920d4621ae169ac
max,5,lr001,complete,250,781,41,True,0,True,4d2ea50ed19cb3606c874cc9bb39df37aba718a643c0f9e0fa2285a9d2d87e69
max,5,lr010,complete,250,797,41,True,16,False,f564837b919821d1330217948ce79c1269ab1a1132e73d887184ea23de9fa1fd
max,5,uniform,complete,250,781,41,True,0,True,8fa02844d6eb93075e38c780edee3764d3f5ca07e907feb258dcb6ccd713a87e
max,6,lr001,complete,250,781,41,True,0,True,4d48d8ff6c8cbdf99ddacab09c2f3a405261a3eaddc925369dae4e88f69f0a2d
max,6,lr010,complete,250,767,42,False,,False,9b4294ad7647658bfed8870e0655ff723300bc13e19c8bad05536a64c8c6eb34
max,6,uniform,complete,250,781,41,True,0,True,bb12fc13509c1d5d2b53d4eab35ce280b9304343cd59d0b5b48e4b311794fefb
max,7,lr001,complete,250,781,41,True,0,True,73c136f31a30b89c098ba7d2e3fe4aed0f3db5635e2db2c017ea324943256027
max,7,lr010,complete,250,797,41,True,16,False,9f3b5499586a6f78761a2bf69e74931cd1a7cd2db6fbfc93ff39a4df3216ef5b
max,7,uniform,complete,250,781,41,True,0,True,8c5ea41606793fa699776c91d7d9d3ad02843b916a7308a604a58844775a0b37
max,8,lr001,complete,250,781,41,True,0,True,a471481c9e3acc477fe880362dad2ea3201f048937f9b72a56f521b5c22578ad
max,8,lr010,complete,250,781,41,True,0,True,d2aa22fc1ad4ead33f712d3a186cd23e1a3f64afc2d35336830460cfd3611448
max,8,uniform,complete,250,781,41,True,0,True,e476f3bbb072c9888ceb16f7ab1402333693fc5e7d98fd82f10bf79b8d00e3a0
max,9,lr001,complete,250,781,41,True,0,True,4d889560887af879a50e41f46fe0646e3269e43a943ce40790193456afb01c15
max,9,lr010,complete,250,769,42,False,,False,954633961a34663318693e6c4cfed31af3c501ea88f7e38826e6f29459ccdb34
max,9,uniform,complete,250,781,41,True,0,True,548741bf1ee03fbb21bc595c7d47a34f5604e0b63ca731a14b72fd5188da7c3d
