circuit,seed,episode,expected_gap,feasible_probability,optimal_probability,greedy_actions,greedy_best_luts,greedy_best_feasible,training_best_luts,checkpoint_sha256
int2float,0,0,4.252447896397767,1.0,0.0009262899743813029,"[0, 1, 1, 1]",49,1,,307084bc26d0620ab63b31a6ec5f1ac5f607f110faf79b08cfcfbeba20b20bd9
int2float,0,250,3.6347833987911278,1.0,6.249002153586863e-07,"[6, 6, 6, 6]",49,1,45,48204449a28ea1ce922d2de6a4108bd9757b089a39291bb5a3fce2ce19d2de97
int2float,0,500,3.0530632807011697,1.0,7.2193147216547706e-09,"[3, 6, 3, 3]",47,1,45,bd259f6385df3f2c13176f8444744e196b812dbf905358d24fb5bbad0a16a230
int2float,0,750,2.0145990027246414,1.0,2.6509946596319744e-08,"[3, 6, 4, 4]",46,1,45,0c72ae77fcd6fb0827a834d3566e8e0caf750677661e2dd0db6f7d17acd4ae77
int2float,0,1000,2.0043759852800496,1.0,1.3279916124713727e-10,"[3, 6, 5, 5]",46,1,45,3132cafe117af69c4ab62e8f74fc04fa3cfdcccc42676227ec68bb8a54f21342
int2float,1,0,4.155051574882714,1.0,0.0005797670038306521,"[0, 2, 2, 2]",49,1,,154f63810ab582a5c065871a83ceb5ad37ac2fd49fa163b2eb4d70a3f07e22ff
int2float,1,250,2.891729251453801,1.0,2.8297878135738728e-08,"[3, 6, 4, 4]",46,1,45,fa4f5bfbca1526f1e925c551977cd0ae6b697a478dfeababace4e36e972ef70a
int2float,1,500,2.008196499023432,1.0,2.595159809694551e-14,"[3, 6, 4, 4]",46,1,45,32ce47a9b760a373424fa44f9227c39bd1b025cabbf13eeb9dd72a4618281b86
int2float,1,750,2.001162352727414,1.0,1.4405317248096674e-15,"[3, 6, 4, 4]",46,1,45,d18e0ec937e8ab1c6ceede1f38bcc125c5c58480322a3c7731bb053586347a91
int2float,1,1000,2.0016331576923414,1.0,6.4661947244979904e-15,"[3, 6, 4, 4]",46,1,45,6060762cc2b18fb1c8e47ae8f351210fc5e9f085b6384e13bf5341cb4c44eee3
int2float,2,0,4.127192573850421,1.0,0.0009247769598575854,"[0, 6, 6, 6]",49,1,,5d5dcdda08bfe609be6613dcfb7ff5357fafee18b60e3f74139f2644ff4034da
int2float,2,250,2.7568091100171497,1.0,2.655220779893084e-06,"[3, 5, 5, 5]",48,1,44,af504abfaace1a401fc266e12d53a8e02343958d276a0991eb6ad93e1e6b0a5b
int2float,2,500,2.0059160205057682,1.0,4.6588181270300734e-14,"[3, 6, 5, 5]",46,1,44,99c182c3f777842e848b066d5ae1a6b2d7ce2f88389f0df1152a96c2f36e6b6e
int2float,2,750,2.0049022321827366,1.0,3.587195538278887e-13,"[3, 6, 5, 5]",46,1,44,5fffba6ceebe6798f5397d87b00d7fbc7890507ebf47729f3bf45d997872e84d
int2float,2,1000,2.0006538503228226,1.0,4.401253473948732e-15,"[3, 6, 5, 5]",46,1,44,620fb44f592f303b4a6478196f45db9e756ba97dc51fad63670616f396b787d0
int2float,3,0,4.221176543173131,1.0,0.0009828735812832438,"[0, 4, 4, 4]",49,1,,e27f96468847032a820740570870c400dc35597d4f487a995a692cd6f29515a6
int2float,3,250,2.059132448217534,1.0,8.337076142621879e-08,"[3, 6, 4, 4]",46,1,45,ee4f3f5ef51dba7a6d8f8dfcc928ff313b2e7413c529659b7a38036f04d6e0e0
int2float,3,500,2.000149661812138,1.0,3.010863111954037e-12,"[3, 6, 4, 4]",46,1,45,693c30baffc8fedb7888d0e532dc60ef3b006aa7a3ae69329c3f63b0bd40a808
int2float,3,750,2.0001420044044167,1.0,1.4857172794039654e-12,"[3, 6, 4, 4]",46,1,45,b55c5acff654fa0804c4c3b180cb743482c47ffcbb5ba6f70cc999f9baf583f0
int2float,3,1000,2.0001443711900673,1.0,1.9244797487477464e-12,"[3, 6, 4, 4]",46,1,45,da46f0ae610f5f48b5dec973fc182311f3fe047a7f674cd246405488720057fd
int2float,4,0,4.261873747567181,1.0,0.0010013296344800588,"[0, 5, 5, 5]",49,1,,abefa4e4de7358197f7bf679fbe4305eb9658450ee2fdbcd1c7f4ca19310dc1b
int2float,4,250,2.1782197768831475,1.0,1.5664818209408176e-06,"[3, 6, 5, 5]",46,1,46,cd62d20fa5fa22df83b59b5eda46fcee5c019b2f05d1981e3045925b8342ea75
int2float,4,500,2.013889516604174,1.0,4.073631881146284e-09,"[3, 6, 5, 5]",46,1,46,73c9632b257a4030c0be5dcbb6049bdbc721d87e40b8db52f8e339ff8ff87f01
int2float,4,750,2.0136905444177127,1.0,1.1016781753567854e-09,"[3, 6, 5, 5]",46,1,46,9f006c3a8fb710d8de450e926d0bf461ff01adc104a6421a69d532bf071d29c9
int2float,4,1000,2.000650244508203,1.0,3.430733662983258e-18,"[3, 6, 5, 5]",46,1,46,cb311103b9ab6af0cdf4bacb290ad9857b4f633456f1137f4da197653ac717e3
int2float,5,0,4.268873178454658,1.0,0.0009991019767712328,"[0, 4, 4, 4]",49,1,,27fc336d0867e24ba968f456542e1faeec7f83c7cfaffbf428dc37535ea19297
int2float,5,250,3.8480327485854855,1.0,0.0007298441166934479,"[3, 3, 3, 3]",49,1,45,077f88ff20d3279f54fc515aa1eb20133f7b18a3e35984468d269ea227fff37d
int2float,5,500,3.6386975644228876,1.0,7.532755522092842e-05,"[3, 6, 6, 3]",47,1,45,fb0b1e92602e6c1013f14b98b66a1cac00f0fa17b85eae75d81dce5e1712f5a0
int2float,5,750,3.490274122351698,1.0,1.3222952614183892e-05,"[3, 6, 3, 3]",47,1,45,6fcfa42cc75e486a38330a21c6c491458a63528315fb71a2e216cc9a7d479b86
int2float,5,1000,2.6581673775347507,1.0,2.243237204500326e-07,"[3, 6, 6, 3]",47,1,45,065a5ee3e4b8a8e8e528473902661b7e1e569e56a2aed509bd74bb659bc9274c
int2float,6,0,4.325728618834554,1.0,0.0012427920417390984,"[0, 5, 5, 5]",49,1,,41e9ee24ac134a85d43020e97552fcbe878e12108b7f54ed750cafe53993baa2
int2float,6,250,2.8984429918150334,1.0,1.8716405678700001e-06,"[3, 6, 5, 5]",46,1,45,c256a689bd9579c15d555b8053dc8b79ee6b975b797512a4645324f361ed0f26
int2float,6,500,2.030453510933126,1.0,1.91278372955158e-12,"[3, 6, 5, 5]",46,1,45,26122dbf71d0e11973017163b2107a4e65f9b02410c8cc6cd58569667fbdc639
int2float,6,750,2.0029292233710634,1.0,1.0947746021562728e-14,"[3, 6, 5, 5]",46,1,45,512897bda48f1770606f0dd545c8b3dfdeec47a5147e04bf26a876a8f4726eda
int2float,6,1000,2.002822946045205,1.0,1.2526141833572969e-14,"[3, 6, 5, 5]",46,1,45,5f3638f2cb12a33916f38cd539f73bd482fc9582e15be69cada6f92365be4a69
int2float,7,0,4.19655968391585,1.0,0.0009064258745895521,"[0, 6, 6, 6]",49,1,,9320ebc0294ad6497e88a43d9239b674e03870753eb533671fe1e85870c563fb
int2float,7,250,2.3151484666910576,1.0,4.894862267674934e-07,"[3, 6, 5, 5]",46,1,45,e9f4d004f0d6f4ff94110898ed70c9a8e418e08b2092013e9c942c48563c6ee8
int2float,7,500,2.022099802609233,1.0,8.277983424748807e-13,"[3, 6, 4, 4]",46,1,45,6b98b58a788c3d9cbc5deb5b92facec38911898a82c9bf0905d2efbb1a56d94d
int2float,7,750,2.0012689000334962,1.0,8.854355109763377e-13,"[3, 6, 4, 4]",46,1,45,51e7273444646169317e10cb46c68f2d16d834704aa41e194c7436d90ecf1f44
int2float,7,1000,2.0052798518518715,1.0,1.2081654041672927e-15,"[3, 6, 4, 4]",46,1,45,6ac387c6bf6c4bcf8aefa36cfadb8594e28a60c12645952a4550d20362298a13
int2float,8,0,4.201297878318312,1.0,0.0007679357894697209,"[0, 5, 5, 5]",49,1,,44f2a13cb73c25b96786ac69615e117897875218148262d4cc23abfc540a3ef4
int2float,8,250,2.0776296288206697,1.0,2.978148445171313e-07,"[3, 6, 4, 4]",46,1,45,7514fa940da571825389f78beb78b971d682c77fa3490c5faf5dcd2a4848315b
int2float,8,500,2.021989934329289,1.0,4.583706970171899e-12,"[3, 6, 4, 4]",46,1,45,87055b4bc1dfe1e705d0d3f9007e4837867695202ace140b42a6db1fdaa0f7c6
int2float,8,750,2.003687005394121,1.0,2.7587029197954844e-17,"[3, 6, 4, 4]",46,1,45,eee75ea2c3e9e1639c8626f54113369cb00df5c9201847bf842f87249151f7ac
int2float,8,1000,2.0091236795534844,1.0,5.4537655975150165e-12,"[3, 6, 4, 4]",46,1,45,d85b3c02d6ab3f843ad321912ffd06c0b5d4e7d86381458d4cabaa5722fff67b
int2float,9,0,4.1575270562480835,1.0,0.0006597516284450075,"[0, 0, 0, 0]",49,1,,7227de68da466a7b06bc24be9b050fb2d711358401fd85d08afcd365f9b211b3
int2float,9,250,3.4756259816026143,1.0,0.00025299158173392,"[3, 3, 3, 3]",49,1,45,1436e8595553cef06c7d3158e7f5a157958679451a1a2054a55ca15d44a9c0b1
int2float,9,500,2.0037890802191676,1.0,6.492977565978813e-19,"[3, 6, 4, 4]",46,1,45,9bd88df1fd5047405e226eb7d73126533e57b943d5610a700407a1ff6da23af2
int2float,9,750,2.0007608410353765,1.0,3.1233012609041765e-15,"[3, 6, 4, 4]",46,1,45,eb3e359e1901f66defd758338c178d4f986ff91d623c1e858df6ec4e501338c3
int2float,9,1000,2.0008044992365384,1.0,2.054821958741154e-15,"[3, 6, 4, 4]",46,1,45,f778e5435c92cbbb80221f30eed3d25e3e6a9edb7ff497072e89494572f0c555
i2c,0,0,19.576967577097605,1.0,0.004206161385816519,"[0, 1, 1, 1]",331,1,,307084bc26d0620ab63b31a6ec5f1ac5f607f110faf79b08cfcfbeba20b20bd9
i2c,0,250,1.9630623321329872,1.0,2.5604623749583056e-07,"[5, 1, 1, 1]",313,1,313,f693cc8902339cfb2a4fc8efa77f152a2831a102e20b6ac6d0bcad16ca319750
i2c,0,500,1.0519683729076206,1.0,2.61561664513839e-10,"[5, 1, 1, 1]",313,1,313,0601872f282beaf2c40a1fb5352899e24b8959e7dff2fe63fcedd7c9c271a930
i2c,0,750,1.0521599442090412,1.0,2.6100107845999384e-10,"[5, 1, 1, 1]",313,1,313,5e21324b07c916b176a1f200028f2e4757c253d1471d1ed3ad35099fd014d4ef
i2c,0,1000,1.009734801897697,1.0,2.9031708255362557e-16,"[5, 1, 1, 1]",313,1,313,b486e724092cd80ed4c242762c94a573d4f844aa8cc0684b6fcf8ad6632ca5c6
i2c,1,0,22.822368102437196,1.0,0.00039135440017120933,"[0, 6, 2, 2]",344,1,,154f63810ab582a5c065871a83ceb5ad37ac2fd49fa163b2eb4d70a3f07e22ff
i2c,1,250,7.016811918503107,1.0,0.05566007303489761,"[1, 1, 1, 1]",325,1,312,4ddc55f0cb4849dc3fad35f275e7540a7632299e6a849b139d71d71e55d3d866
i2c,1,500,1.1493906148364514,1.0,1.769530874345815e-06,"[5, 1, 1, 1]",313,1,312,b38905714884bf957a70492e48b6a4e29c8c4418a7175583c4a8e7d3328e4248
i2c,1,750,1.0089189644505845,1.0,3.506832345990984e-09,"[5, 1, 1, 1]",313,1,312,805c257070ee421381f34c4721785154e98ba6316cc7c8e03be0a851c9d4bf57
i2c,1,1000,1.0089002080277791,1.0,3.499959098946157e-09,"[5, 1, 1, 1]",313,1,312,050ee1686195f43a3269e6a84c4af7d88dc18c009095e157497eb1407b066b3d
i2c,2,0,20.36483095278159,1.0,0.0014798964677170165,"[0, 6, 6, 6]",346,1,,5d5dcdda08bfe609be6613dcfb7ff5357fafee18b60e3f74139f2644ff4034da
i2c,2,250,1.4803981057120792,1.0,0.00026812060703598496,"[5, 1, 1, 1]",313,1,312,87c3c25df61bec5e620fa01b0809985b83686d32f51608c4bbbe5a3a3053507a
i2c,2,500,1.1588081141313067,1.0,2.427946094994218e-07,"[5, 1, 1, 1]",313,1,312,edbba91367d76c9b877b0d6d968c30220eb8920e1451a831c86c2cbc1f3aa666
i2c,2,750,1.017257780676421,1.0,1.2336724646689204e-07,"[4, 1, 1, 1]",313,1,312,7ca172ca1cafde91b7d404df7c1876950ae6778c18ba3dd8b850a76c2a17d110
i2c,2,1000,1.0172571084159705,1.0,1.2339496387923272e-07,"[4, 1, 1, 1]",313,1,312,62160954d128d692d09836e8f8e4be26a8332cf209867563b6acf8608d78abce
i2c,3,0,20.566840984569954,1.0,0.0019844383602030742,"[0, 3, 1, 4]",334,1,,e27f96468847032a820740570870c400dc35597d4f487a995a692cd6f29515a6
i2c,3,250,4.68067484355903,1.0,0.04037866594351493,"[4, 1, 1, 1]",313,1,312,7a0dfbcb8501757a7fb975eb97d2b7c076ab7e2bfc2b344ecc7e06270c3434aa
i2c,3,500,1.0174318728807208,1.0,1.6430594821407497e-06,"[4, 1, 1, 1]",313,1,312,20de71efe4326b71e4a6e0d583516140f819e8297a6dc268ee5fe37dc2d501b3
i2c,3,750,1.0136188347948156,1.0,1.3437257011639607e-09,"[4, 1, 1, 1]",313,1,312,2ec918a778cab9f2a39d0637b23a940c7075f40222e4270da30f7f79c5a4fa39
i2c,3,1000,1.0135559713366227,1.0,1.338931795320914e-09,"[4, 1, 1, 1]",313,1,312,8063cacb5161f81a266abf7075b04979cd92b681be376b41f0f632777209695e
i2c,4,0,20.656007262704765,1.0,0.0014619722397989886,"[0, 3, 5, 5]",343,1,,abefa4e4de7358197f7bf679fbe4305eb9658450ee2fdbcd1c7f4ca19310dc1b
i2c,4,250,4.830660715992984,1.0,0.01270701161337769,"[5, 1, 1, 1]",313,1,312,98a3bf07748f2b24c0cca11a746d102ef79cf3d64f4465a5df3bc4324afc0b49
i2c,4,500,1.0639501539324532,1.0,1.0033868430920022e-06,"[5, 1, 1, 1]",313,1,312,65e0701544d4d4e81cfe15b4997a5f6f16f920336c1e28775c0dba2b744bb104
i2c,4,750,1.002894692109136,1.0,6.6578156860249076e-09,"[5, 1, 1, 1]",313,1,312,e43c53560bdc0a4c91240923f85a7b267754dfd1f3cc7d20072b8279ff714a1b
i2c,4,1000,1.0028820327959547,1.0,5.371695610142471e-09,"[5, 1, 1, 1]",313,1,312,1ad2b2b6839cab3c93bf07281af4222580a0864de71ddc6912437ac6b011d6b6
i2c,5,0,20.161235504612304,1.0,0.001547631392184504,"[0, 4, 4, 4]",342,1,,27fc336d0867e24ba968f456542e1faeec7f83c7cfaffbf428dc37535ea19297
i2c,5,250,7.456990396622797,1.0,0.005114034005715819,"[1, 1, 1, 1]",325,1,312,6d91ec6156050563b116c9005ce403ed00e7ddf4d4c879d05f15fa027f01a5c1
i2c,5,500,1.1598985416996412,1.0,3.879413841121752e-06,"[4, 1, 1, 1]",313,1,312,f1723182ec32edd12fc813451ba9c253438b746adc17208563645b990bfe2dba
i2c,5,750,1.0594646147792488,1.0,7.327155818586091e-11,"[4, 1, 1, 1]",313,1,312,b5a2f92201d5eaa922cb4bd31f2d10e43de8e3828913e36cc64557a7e417219a
i2c,5,1000,1.0593827386197385,1.0,7.322402259950431e-11,"[4, 1, 1, 1]",313,1,312,0b09075ade0be56ca1f48b1f0679c9be22c3a44e297de0ea1a700a059fc793c8
i2c,6,0,20.31252559286549,1.0,0.0016307657174972883,"[0, 5, 5, 5]",342,1,,41e9ee24ac134a85d43020e97552fcbe878e12108b7f54ed750cafe53993baa2
i2c,6,250,1.6289734889950744,1.0,5.3397730275159026e-05,"[4, 1, 1, 1]",313,1,312,60ed075f7a78a4e35924e946131b5807a249a63c7b75e67f1f529b794ea22da5
i2c,6,500,1.022707580670493,1.0,2.1074386726740517e-07,"[4, 1, 1, 1]",313,1,312,4a8866b683d280313877c5c028c748f75df46326d608d6a53faeb250282feb0d
i2c,6,750,1.0388030934254346,1.0,1.339536845102719e-07,"[4, 1, 1, 1]",313,1,312,66d946754f7578a9518c5a478158d3f370ef886fe8fe4737c4d34ee7c81222fc
i2c,6,1000,1.0000239996784612,1.0,1.5907184098713424e-12,"[4, 1, 1, 1]",313,1,312,29e050ed461b7265c542f37e74193ea00c8e115d1ac4d9c6c47b33b5bdf712d8
i2c,7,0,19.775358188326425,1.0,0.002733787590775329,"[0, 1, 6, 6]",334,1,,9320ebc0294ad6497e88a43d9239b674e03870753eb533671fe1e85870c563fb
i2c,7,250,4.070365137142365,1.0,0.014294419556440886,"[5, 1, 1, 1]",313,1,312,c4b75ccd35d330ca510be1da45fb1d05dec36f4f209b84dc6ec120318e98ad59
i2c,7,500,1.0698034673319579,1.0,1.0263519031593064e-07,"[5, 1, 1, 1]",313,1,312,d70819e4b33ece125426d778f7eb3a2fe86b9382baaf2e11ce16c3e2201b0483
i2c,7,750,1.0062895467303643,1.0,1.8562633651194325e-08,"[5, 1, 1, 1]",313,1,312,1ab1d94dfaf2bbb63c0a670f0a0228786cc89519c618dbb631340c0ff7d07d25
i2c,7,1000,1.0061578052662523,1.0,1.8550893143745452e-08,"[5, 1, 1, 1]",313,1,312,4fb9c3a2cc5bd7b08a1db060ee44e8e3fe22f30d63321bd23b8fd7a6f9e36be4
i2c,8,0,20.50663545060804,1.0,0.0019118636127114616,"[0, 6, 5, 5]",331,1,,44f2a13cb73c25b96786ac69615e117897875218148262d4cc23abfc540a3ef4
i2c,8,250,1.0814655227423762,1.0,1.1487324823664963e-06,"[4, 1, 1, 1]",313,1,313,159ebaa6ed3d45a26162be896d7cc8dd6bf74f61b03850f6157faca5860e8579
i2c,8,500,1.0242518827231188,1.0,7.056142765717513e-09,"[4, 1, 1, 1]",313,1,313,3fc443a790b2c8e5476a5a01684597e54c99ef1267e0b81b4694ce4e4191d39e
i2c,8,750,1.0268651887294695,1.0,5.462232208649079e-09,"[4, 1, 1, 1]",313,1,313,055f253ad6cf45b65b227346993769f98beb85736baaea7739a4101dadfc136b
i2c,8,1000,1.001381300626893,1.0,8.61084378761245e-09,"[4, 1, 1, 1]",313,1,313,57e1c307c52880c2c241ef75eec3618b23c82a044d84d524bb6957f5364440cd
i2c,9,0,20.215242259924644,1.0,0.0017601919132716425,"[0, 6, 0, 0]",338,1,,7227de68da466a7b06bc24be9b050fb2d711358401fd85d08afcd365f9b211b3
i2c,9,250,7.414332283698443,1.0,0.055586808701548814,"[1, 1, 1, 1]",325,1,312,3502da012ecd410701688c54e325a2cdd53743933eaac0f26862ae901daa8c2f
i2c,9,500,5.364416157768701,1.0,0.007221640141249716,"[4, 1, 1, 1]",313,1,312,7c1b3cc34c04bb34f1ce04290929ea89ff59e3725a22fd116c3ceb6799412f7a
i2c,9,750,1.0731123519242307,1.0,3.6174837900776064e-06,"[4, 1, 1, 1]",313,1,312,22ee582b4b81a700758cc0b63d63cdf2e3a96c8d56f6d29231736a3fc9306e52
i2c,9,1000,1.0293953379993943,1.0,2.0612727561143432e-08,"[4, 1, 1, 1]",313,1,312,e57e25efe0bb5590aa181daaaac9022744f91486a8fc12ab10807321c4b2aeb5
max,0,0,,0.013707571660985225,0.009666202811581873,"[0, 0, 0, 0]",842,0,,307084bc26d0620ab63b31a6ec5f1ac5f607f110faf79b08cfcfbeba20b20bd9
max,0,250,,0.3611846550243728,0.2581602238160803,"[3, 6, 6, 6]",791,0,781,0a6b335fdb9edace78b2f27a4f396374e7fe68fd4326881b259f79f8d44fa6cb
max,0,500,,0.9831731202208289,0.9830703156514731,"[3, 1, 6, 6]",781,1,781,6ac431bbf5f5dda3a8db3ef7d5441c77fd1e3aab2f876d17c2448c3aff6a0123
max,0,750,,0.9982696915292725,0.9982604959138767,"[3, 1, 6, 6]",781,1,781,4f04904f53e64a48b1b9b1b9abf5d3a7020b1e00cbe1fe82d26a34a966a7f856
max,0,1000,,0.9983265098307048,0.9983176763649874,"[3, 1, 6, 6]",781,1,781,38997cb596906321571c60da59cea95f2eabb22467d5499e4da2b8840fb1701e
max,1,0,,0.01327299941388933,0.0098343090057059,"[0, 0, 0, 0]",842,0,,154f63810ab582a5c065871a83ceb5ad37ac2fd49fa163b2eb4d70a3f07e22ff
max,1,250,,0.991050545236824,0.9868306008896093,"[3, 1, 6, 6]",781,1,781,d186fb63890b0d29c338a7121fd73d17cb5a5a7151c0ba642e657b0e5e3c5df5
max,1,500,,0.9950506030383738,0.9910791067987358,"[3, 1, 6, 6]",781,1,781,e509add45ea0a6d991be7b943887588edd1a5cbd9c1b3ca17f2015d20788d6ed
max,1,750,,0.9999755425357413,0.9999684904247486,"[3, 1, 6, 6]",781,1,781,af51cb30013f8ace05842d00a89bf438e42090af72f01f14a981a824901fe7f5
max,1,1000,,0.9999880665180311,0.999981622479866,"[3, 1, 6, 6]",781,1,781,9626f33350b16701300fc4ed6ff039d3294d1c0c88fcd5919898e1d4fac90f82
max,2,0,,0.01594042843572667,0.011469205702230343,"[0, 0, 0, 0]",842,0,,5d5dcdda08bfe609be6613dcfb7ff5357fafee18b60e3f74139f2644ff4034da
max,2,250,,0.6033404554241484,0.308429423398435,"[6, 6, 6, 6]",768,0,781,9b854812725cea0cda7dd53ddffa9d1fca2d16728a3b9775309f682fcd93cbf9
max,2,500,,0.9996407086095687,0.9887993095287119,"[3, 1, 6, 6]",781,1,781,9d5b080ee7fc24e28baac717dd311f2d734991a8a2cd68ffd46a658827182b19
max,2,750,,0.9997067672599187,0.9907468690985027,"[3, 1, 6, 6]",781,1,781,e319e086927b2c075afe45dcfe6594ae72667235c0e4081e3c71bcacf5051371
max,2,1000,,0.999808990168435,0.9941448680328802,"[3, 1, 6, 6]",781,1,781,a3ce551ee502a34d4b270a1b9361b09a445d1b4787c04dd4d0899073004fa1f7
max,3,0,,0.010098904520569836,0.007271585687187157,"[0, 0, 0, 0]",842,0,,e27f96468847032a820740570870c400dc35597d4f487a995a692cd6f29515a6
max,3,250,,7.735021389861003e-05,5.8799338934266155e-05,"[3, 3, 6, 6]",791,0,,1d7f503fb5d959078c6f4e293253a354a42d4cf55c3eb2ebd5d92f1f06095801
max,3,500,,0.0005444241670862239,0.0002972249394921153,"[3, 3, 6, 6]",791,0,,9c934f165547f44b7a7fa5dc64adb6030c49c0dfb02ee6c0a758ed4f8210f095
max,3,750,,0.00062875290543216,0.0005149884373682634,"[3, 3, 6, 6]",791,0,,bca919b236fea55a8db9e1811bef57e4d5fba81d82b333e7967fdb1565514314
max,3,1000,,0.5446560747578805,0.5343348794047623,"[3, 1, 6, 6]",781,1,781,f7389aa9990c24b0daca8825f7c30639eb42e942276802ba342a1918921a0af8
max,4,0,,0.009692199614529938,0.007280079309750945,"[0, 0, 0, 0]",842,0,,abefa4e4de7358197f7bf679fbe4305eb9658450ee2fdbcd1c7f4ca19310dc1b
max,4,250,,0.3969233304445115,0.25451956432389444,"[6, 6, 6, 6]",768,0,781,de1a1077570abdf8fe24400ac7777877f752dcca95820f2385c848145b0b4ea9
max,4,500,,0.6442774634840933,0.44143600269979966,"[6, 6, 6, 6]",768,0,781,7361af3605aeb10e13b86124453fc907545fb468a91f06f8a71e97d1778e60b0
max,4,750,,0.6359932041432127,0.5863293711090013,"[3, 1, 6, 6]",781,1,781,5a6428c5648bd92f4a1dd540f158ff0c2aa6f5c2b06276648110ca6ff30f8aff
max,4,1000,,0.99574775684985,0.9954192960223022,"[3, 1, 6, 6]",781,1,781,475a76f7f3bdf3de1efa135691d68688a0b769c39f6e3116f61a2e15d2c4a4c2
max,5,0,,0.010727968770287982,0.007930966504830592,"[0, 0, 0, 0]",842,0,,27fc336d0867e24ba968f456542e1faeec7f83c7cfaffbf428dc37535ea19297
max,5,250,,0.570899647349203,0.40669792028189716,"[3, 1, 6, 6]",781,1,781,59989c30b55ffce54242d25a35aa3081ca8cf7bde9c5a7897271c1477909c2dc
max,5,500,,0.96078049970926,0.9467720460159463,"[3, 1, 6, 1]",781,1,781,777b8d4d8ce28f90b0de29b256f1ee299dbfc1604d1fef6afb938c1824ea6870
max,5,750,,0.9998305232488301,0.9995032022356832,"[3, 1, 6, 6]",781,1,781,2f1f3fc728771bd0d8b7054c2851efb2cccfd920ac3e57fed9ebb611d5bf3e99
max,5,1000,,0.999827289163914,0.9998043969078488,"[3, 1, 6, 6]",781,1,781,49c267a13e70d54611944814b3143a9291645eaf4e2520b2364442b7468b047b
max,6,0,,0.0055231829775105445,0.003710875639743156,"[0, 0, 0, 0]",842,0,,41e9ee24ac134a85d43020e97552fcbe878e12108b7f54ed750cafe53993baa2
max,6,250,,0.46860476200692547,0.2677344262311737,"[1, 1, 6, 6]",769,0,781,d8cf743e62aa3b66c2476951520e33990efd619bf6b4082223946f2722e8790f
max,6,500,,0.8343575843187301,0.7530841409445717,"[3, 1, 6, 6]",781,1,781,02731e5c501a32ec1187e034375bc2549fede4806b2cfb0dc1916a5b2f5643f4
max,6,750,,0.9907001446068157,0.9678886041626157,"[3, 1, 6, 6]",781,1,781,574648e9f7a2ce71ce4dc0276c2005f750634196dcede0d7456f506ef65bea74
max,6,1000,,0.9959215355249044,0.9773507619204641,"[3, 1, 6, 6]",781,1,781,294de90f979cf4a56236439741e07b946a44824c9b920712088bdeb9b54525e5
max,7,0,,0.0217648413655651,0.014875516717513547,"[0, 0, 0, 0]",842,0,,9320ebc0294ad6497e88a43d9239b674e03870753eb533671fe1e85870c563fb
max,7,250,,0.18636783118716083,5.136542409911616e-06,"[3, 6, 6, 3]",791,0,790,ac4ee7737aa9b25b64d3da09a57a9f73ddddc5edf8e049e95aaabf7c9b4b925f
max,7,500,,0.36298960733782315,0.2927773142574077,"[3, 6, 1, 6]",797,1,781,8538872b5d5fca28ba2acfdd4eb0041d7a834de5d80619ce9504525c60764009
max,7,750,,0.9446747925521797,0.9057277565130409,"[3, 1, 6, 6]",781,1,781,bffecbce01fd26cf5b27bef6d363f20bf8dca0b801ddcaa537e8799ff23f07b6
max,7,1000,,0.9997486154001461,0.9997017774696648,"[3, 1, 6, 6]",781,1,781,882f7dc3bfa047fbbc6d86567e00f593b78b82b0ad41f593b8ce64f999bb00d4
max,8,0,,0.013274352728035396,0.010264383387937533,"[0, 0, 0, 0]",842,0,,44f2a13cb73c25b96786ac69615e117897875218148262d4cc23abfc540a3ef4
max,8,250,,0.868001362814384,0.7852953293532513,"[3, 1, 6, 6]",781,1,781,25583753bf61f99fba25efc25b39454372f475c5946783cd13caad20b0a4b201
max,8,500,,0.9943256898898906,0.9859111478527183,"[3, 1, 6, 6]",781,1,781,a8f9797e1c2e660e3487dbcce0522f34c6ba827ef5953c78851ad6a9ae87bf31
max,8,750,,0.9949392534181642,0.9874622247620567,"[3, 1, 6, 6]",781,1,781,d6010e02ebc06d9154bdb5e4b721969a875e79f54defb72c92ed2921300109d7
max,8,1000,,0.9999791593338049,0.9997926698298453,"[3, 1, 6, 6]",781,1,781,0d248a6edc46882284d6de8a310af501c89ffac676ca0e1ac9c86e5315c36c17
max,9,0,,0.014443284804663259,0.01030374535881972,"[0, 0, 0, 0]",842,0,,7227de68da466a7b06bc24be9b050fb2d711358401fd85d08afcd365f9b211b3
max,9,250,,0.0060499521087545634,6.448062257813085e-05,"[6, 3, 3, 3]",782,0,,5cdb3c91bc70934eff4c37a7878795aed459eee6852d81ab91bfbf0817246d65
max,9,500,,0.9617831711166287,3.9770724252009525e-06,"[6, 3, 1, 6]",792,1,781,63c56f5db79a1ef813190fbc474118302f1b685262c90f86e2c14f04f3b81dfe
max,9,750,,0.9973592511368795,5.19665263146615e-06,"[6, 3, 1, 6]",792,1,781,31fa721aaf1c795d0f6d78cb3e9d8de49e4f5fc584114215ddbdcb41ee5a1617
max,9,1000,,0.9997018271002837,0.00017364798811010104,"[6, 3, 1, 6]",792,1,781,8915cc0bbac4db8704138e95b26d955076956766d218ccf3f37b516e32b54764
