circuit,group,seed,mapping_calls,best_feasible,best_luts,best_levels,source_checkpoint_path,source_checkpoint_sha256,reused
int2float,legacy,0,1100,1,45,3,results/learning-effectiveness/training/trained/int2float/seed-0/checkpoint.pt,31b45970100333cafd2556f4a10533f1934ba1c7cd451e9cf1d1cdc91d324a13,1
int2float,w001_old,0,1100,1,44,3,results/lr-reward-two-stage/stage1/training/w001_old/int2float/seed-0/checkpoint.pt,cdc5f3d29a6ded7286fc13f65506ae30f2428a1627db428f85d83c06470f5940,0
int2float,w001_new,0,1100,1,44,3,results/lr-reward-two-stage/stage1/training/w001_new/int2float/seed-0/checkpoint.pt,dbabd95439541c9ade939255f56bfd083555577b35ae9bae159e3dd29478a525,0
int2float,w010_old,0,1100,1,44,3,results/lr-reward-two-stage/stage1/training/w010_old/int2float/seed-0/checkpoint.pt,b981a5bcc748738ea9d13531391d114ab48685a496b238cec122d19991c99b77,0
int2float,w010_new,0,1100,1,43,3,results/lr-reward-two-stage/stage1/training/w010_new/int2float/seed-0/checkpoint.pt,05ee2f918655392f9a9f24115413ffca4c1d3494466ac697382b7f0dd2ae95c9,0
int2float,legacy,1,1100,1,44,3,results/learning-effectiveness/training/trained/int2float/seed-1/checkpoint.pt,72dbc28ba5c02350a8b3b747b0b43d612702fc870c4db64b6b7c94091ac96e9b,1
int2float,w001_old,1,1100,1,44,3,results/lr-reward-two-stage/stage1/training/w001_old/int2float/seed-1/checkpoint.pt,a5c575692d3566b77a508fd75fee59d259f0f87270c70138cbec5d51fc26db83,0
int2float,w001_new,1,1100,1,44,3,results/lr-reward-two-stage/stage1/training/w001_new/int2float/seed-1/checkpoint.pt,94e5d9403bfdee6c6443760cdc8e575f94dfcf01537fa4060872549243e87279,0
int2float,w010_old,1,1100,1,45,3,results/lr-reward-two-stage/stage1/training/w010_old/int2float/seed-1/checkpoint.pt,a13f7e97637dc901161603d44da862881fd54954aed910a5e9b424a450b06091,0
int2float,w010_new,1,1100,1,44,3,results/lr-reward-two-stage/stage1/training/w010_new/int2float/seed-1/checkpoint.pt,8adb1e614a334c9c18d21a164d9cae3a9e6174d0270c7e78b6ca0d441635cb22,0
int2float,legacy,2,1100,1,43,3,results/learning-effectiveness/training/trained/int2float/seed-2/checkpoint.pt,a0febbe8b46a4016430b3d7520c5be507ea3e69515bd08da6390d9fb55a06978,1
int2float,w001_old,2,1100,1,43,3,results/lr-reward-two-stage/stage1/training/w001_old/int2float/seed-2/checkpoint.pt,db80516646a89dbcb782f84d83fa6103a7d907383c7fe6ea84f5f533da617a9d,0
int2float,w001_new,2,1100,1,44,3,results/lr-reward-two-stage/stage1/training/w001_new/int2float/seed-2/checkpoint.pt,c044e2c9232b6b7e68f2d927199d26c9a82a8908b0e8d468b984437d47fae24f,0
int2float,w010_old,2,1100,1,44,3,results/lr-reward-two-stage/stage1/training/w010_old/int2float/seed-2/checkpoint.pt,0c8bde8bbc83e70ea27bd4a89764af0c08a366dde697c7cd618a8c0fb569ad1d,0
int2float,w010_new,2,1100,1,44,3,results/lr-reward-two-stage/stage1/training/w010_new/int2float/seed-2/checkpoint.pt,603a8b2d84010eace074f1ccaec55be211c71105bf6481dfd96ca254e9d3fe27,0
i2c,legacy,0,1100,1,300,4,results/learning-effectiveness/training/trained/i2c/seed-0/checkpoint.pt,d441782efc4778fe738421fe78a4ff27ee7c37ffbb244003459cfa7643a50fc4,1
i2c,w001_old,0,1100,1,300,4,results/lr-reward-two-stage/stage1/training/w001_old/i2c/seed-0/checkpoint.pt,0c89355b2babf4cbfeae02db03e71896c45332fb0a943eb8412c55a68efd9c58,0
i2c,w001_new,0,1100,1,300,4,results/lr-reward-two-stage/stage1/training/w001_new/i2c/seed-0/checkpoint.pt,f1262fe53a77981acaf1fcc2615f165226d4db3f6887428a62832206a99f85e2,0
i2c,w010_old,0,1100,1,299,4,results/lr-reward-two-stage/stage1/training/w010_old/i2c/seed-0/checkpoint.pt,185485fb5eda2799d6a82b93be47d9e51e1c1c4fb52c3dc49c7d8f09ac1b42ae,0
i2c,w010_new,0,1100,1,298,4,results/four-step-reward/ten-step/reward/i2c/seed-0/checkpoint.pt,1f00af44872118656b2ef381290d9fb4c7df1fc2c674ebdc03283e232f47b56e,1
i2c,legacy,1,1100,1,305,4,results/learning-effectiveness/training/trained/i2c/seed-1/checkpoint.pt,9757c5e2706c7bb3bcfd38e92064bd7f4745b393b24733a0b5f5064c9800c090,1
i2c,w001_old,1,1100,1,306,4,results/lr-reward-two-stage/stage1/training/w001_old/i2c/seed-1/checkpoint.pt,db5e20da223e3b54c6fb106415c2a8d4cbced0ac3a05ae12a638caaa89b2ec28,0
i2c,w001_new,1,1100,1,306,4,results/lr-reward-two-stage/stage1/training/w001_new/i2c/seed-1/checkpoint.pt,11836ef1ecc9ba726ef162a950ae6a63d6b36fa90f12ba3c1f5a8143ad84408f,0
i2c,w010_old,1,1100,1,302,4,results/lr-reward-two-stage/stage1/training/w010_old/i2c/seed-1/checkpoint.pt,0c49edc09b0816545c0a221218d4c18c0c97999a0562b5675938326ff4be3c5f,0
i2c,w010_new,1,1100,1,299,4,results/four-step-reward/ten-step/reward/i2c/seed-1/checkpoint.pt,c4f7e6d486ee79977da9eeb59475060d9c9e5f4c8d4e00df0aa52cc9d2d8a3be,1
i2c,legacy,2,1100,1,306,4,results/learning-effectiveness/training/trained/i2c/seed-2/checkpoint.pt,6e12f93d75cdcf63e5999fcf26115d34c2cba0d563d68dcce0cc07a29b0745cb,1
i2c,w001_old,2,1100,1,306,4,results/lr-reward-two-stage/stage1/training/w001_old/i2c/seed-2/checkpoint.pt,3cfbfec074c7477b99c14fb60a5faec49734b508c8e2bb400db1671a11e785d4,0
i2c,w001_new,2,1100,1,305,4,results/lr-reward-two-stage/stage1/training/w001_new/i2c/seed-2/checkpoint.pt,9ce4564bc05e2bacaf0cc44583074a1c891db8fd441e72f9162abd7cb6c9b675,0
i2c,w010_old,2,1100,1,297,4,results/lr-reward-two-stage/stage1/training/w010_old/i2c/seed-2/checkpoint.pt,00d1ccd2dd8942e43b1ac5f4c7c62fdcc3f8e924fc83e7113e8043a680965e64,0
i2c,w010_new,2,1100,1,297,4,results/four-step-reward/ten-step/reward/i2c/seed-2/checkpoint.pt,e9e7b4e31572f01cddd3fcc83c9d8abf032f6e8c3f5dc22c7f1c1656e562efcd,1
max,legacy,0,1100,1,769,41,results/learning-effectiveness/training/trained/max/seed-0/checkpoint.pt,765d6a8b29e730df8ae71586f0d31693ca188bdc11b7c7474f448a2e94e94138,1
max,w001_old,0,1100,1,769,41,results/lr-reward-two-stage/stage1/training/w001_old/max/seed-0/checkpoint.pt,d89549a661b86163c2c9410e4976c88ca74f63ebea7efe2045abb41510e743e4,0
max,w001_new,0,1100,1,766,41,results/lr-reward-two-stage/stage1/training/w001_new/max/seed-0/checkpoint.pt,a6e4c1c2c14b78104c303e4afd0b272c21d6823cd88cdc7db9f8d031e38b9664,0
max,w010_old,0,1100,1,766,41,results/lr-reward-two-stage/stage1/training/w010_old/max/seed-0/checkpoint.pt,342e8c93d5fdaf654eb5e6b77af3db442dd9133f271fd338ab89392d5c6f725e,0
max,w010_new,0,1100,1,764,41,results/four-step-reward/ten-step/reward/max/seed-0/checkpoint.pt,d373862eb37e26a91e09e48f669dc63b587b6d543e158e9db5a1207e188b4dac,1
max,legacy,1,1100,1,775,41,results/learning-effectiveness/training/trained/max/seed-1/checkpoint.pt,8c00185ca505ba8798657e66116867ab4d64f9a2acd3bb9da7015e68d514ded2,1
max,w001_old,1,1100,1,775,41,results/lr-reward-two-stage/stage1/training/w001_old/max/seed-1/checkpoint.pt,1f71a7d1a0fa0aebb039ec1592f31d2d5f214f23fb4264729c14ec9621ec412e,0
max,w001_new,1,1100,1,775,41,results/lr-reward-two-stage/stage1/training/w001_new/max/seed-1/checkpoint.pt,ad5a95fc1c54a0a5284e3a56f47f9daa9244cd190ae1482ca48ff4ba00528300,0
max,w010_old,1,1100,1,781,41,results/lr-reward-two-stage/stage1/training/w010_old/max/seed-1/checkpoint.pt,995e4c4382846d7dbe25204872fd152ab22ee34c955720e90e4c9fe2834c87fb,0
max,w010_new,1,1100,1,772,41,results/four-step-reward/ten-step/reward/max/seed-1/checkpoint.pt,c8045577be63cc1573f4a63cc517a014edf19c909e6a4a8de97677284463016c,1
max,legacy,2,1100,1,773,41,results/learning-effectiveness/training/trained/max/seed-2/checkpoint.pt,11851d32c5a2fcf02c69f7be7ec892f70580bfddb344c4a4b5ab3518223c4903,1
max,w001_old,2,1100,1,773,41,results/lr-reward-two-stage/stage1/training/w001_old/max/seed-2/checkpoint.pt,db9299ce49e1bdb01f0e58d9c8c9ec72c351ab5f7eb5db3bc12ec626dbcfda2b,0
max,w001_new,2,1100,1,771,41,results/lr-reward-two-stage/stage1/training/w001_new/max/seed-2/checkpoint.pt,d3037a1059a2d600e2b543f7d32335313b7ea8769badc8da8d44c85e16a9c02e,0
max,w010_old,2,1100,1,773,41,results/lr-reward-two-stage/stage1/training/w010_old/max/seed-2/checkpoint.pt,0167017dd8e3f4fcafda4889392de0b5f8b74c1c26926220586fc7c2cd8f01f8,0
max,w010_new,2,1100,1,760,40,results/four-step-reward/ten-step/reward/max/seed-2/checkpoint.pt,60e872d20d30f255d1513919a1bef85f23db84b8dfaa1960da85d8ce549fc4fb,1
