circuit,group,training_seed,evaluation_seed,feasible,best_luts,best_levels
int2float,legacy,0,40000,1,48,3
int2float,legacy,0,40001,1,46,3
int2float,legacy,0,40002,1,48,3
int2float,legacy,0,40003,1,46,3
int2float,legacy,0,40004,1,47,3
int2float,legacy,0,40005,1,45,3
int2float,legacy,0,40006,1,49,3
int2float,legacy,0,40007,1,46,3
int2float,legacy,0,40008,1,47,3
int2float,legacy,0,40009,1,46,3
int2float,legacy,0,40010,1,46,3
int2float,legacy,0,40011,1,47,3
int2float,legacy,0,40012,1,46,3
int2float,legacy,0,40013,1,45,3
int2float,legacy,0,40014,1,47,3
int2float,legacy,0,40015,1,48,3
int2float,legacy,0,40016,1,48,3
int2float,legacy,0,40017,1,46,3
int2float,legacy,0,40018,1,49,3
int2float,legacy,0,40019,1,48,3
int2float,legacy,0,40020,1,46,3
int2float,legacy,0,40021,1,47,3
int2float,legacy,0,40022,1,47,3
int2float,legacy,0,40023,1,48,3
int2float,legacy,0,40024,1,45,3
int2float,legacy,0,40025,1,47,3
int2float,legacy,0,40026,1,47,3
int2float,legacy,0,40027,1,45,3
int2float,legacy,0,40028,1,48,3
int2float,legacy,0,40029,1,48,3
int2float,w001_old,0,40000,1,48,3
int2float,w001_old,0,40001,1,46,3
int2float,w001_old,0,40002,1,48,3
int2float,w001_old,0,40003,1,46,3
int2float,w001_old,0,40004,1,47,3
int2float,w001_old,0,40005,1,45,3
int2float,w001_old,0,40006,1,49,3
int2float,w001_old,0,40007,1,46,3
int2float,w001_old,0,40008,1,47,3
int2float,w001_old,0,40009,1,46,3
int2float,w001_old,0,40010,1,48,3
int2float,w001_old,0,40011,1,47,3
int2float,w001_old,0,40012,1,47,3
int2float,w001_old,0,40013,1,45,3
int2float,w001_old,0,40014,1,47,3
int2float,w001_old,0,40015,1,47,3
int2float,w001_old,0,40016,1,48,3
int2float,w001_old,0,40017,1,46,3
int2float,w001_old,0,40018,1,49,3
int2float,w001_old,0,40019,1,48,3
int2float,w001_old,0,40020,1,46,3
int2float,w001_old,0,40021,1,47,3
int2float,w001_old,0,40022,1,47,3
int2float,w001_old,0,40023,1,46,3
int2float,w001_old,0,40024,1,45,3
int2float,w001_old,0,40025,1,47,3
int2float,w001_old,0,40026,1,46,3
int2float,w001_old,0,40027,1,45,3
int2float,w001_old,0,40028,1,48,3
int2float,w001_old,0,40029,1,48,3
int2float,w001_new,0,40000,1,48,3
int2float,w001_new,0,40001,1,46,3
int2float,w001_new,0,40002,1,48,3
int2float,w001_new,0,40003,1,46,3
int2float,w001_new,0,40004,1,47,3
int2float,w001_new,0,40005,1,45,3
int2float,w001_new,0,40006,1,49,3
int2float,w001_new,0,40007,1,46,3
int2float,w001_new,0,40008,1,47,3
int2float,w001_new,0,40009,1,46,3
int2float,w001_new,0,40010,1,48,3
int2float,w001_new,0,40011,1,47,3
int2float,w001_new,0,40012,1,48,3
int2float,w001_new,0,40013,1,45,3
int2float,w001_new,0,40014,1,47,3
int2float,w001_new,0,40015,1,47,3
int2float,w001_new,0,40016,1,48,3
int2float,w001_new,0,40017,1,46,3
int2float,w001_new,0,40018,1,47,3
int2float,w001_new,0,40019,1,48,3
int2float,w001_new,0,40020,1,46,3
int2float,w001_new,0,40021,1,47,3
int2float,w001_new,0,40022,1,47,3
int2float,w001_new,0,40023,1,46,3
int2float,w001_new,0,40024,1,45,3
int2float,w001_new,0,40025,1,46,3
int2float,w001_new,0,40026,1,46,3
int2float,w001_new,0,40027,1,45,3
int2float,w001_new,0,40028,1,48,3
int2float,w001_new,0,40029,1,48,3
int2float,w010_old,0,40000,1,47,3
int2float,w010_old,0,40001,1,48,3
int2float,w010_old,0,40002,1,49,3
int2float,w010_old,0,40003,1,47,3
int2float,w010_old,0,40004,1,49,3
int2float,w010_old,0,40005,1,48,3
int2float,w010_old,0,40006,1,48,3
int2float,w010_old,0,40007,1,49,3
int2float,w010_old,0,40008,1,47,3
int2float,w010_old,0,40009,1,47,3
int2float,w010_old,0,40010,1,48,3
int2float,w010_old,0,40011,1,48,3
int2float,w010_old,0,40012,1,47,3
int2float,w010_old,0,40013,1,48,3
int2float,w010_old,0,40014,1,48,3
int2float,w010_old,0,40015,1,47,3
int2float,w010_old,0,40016,1,47,3
int2float,w010_old,0,40017,1,46,3
int2float,w010_old,0,40018,1,47,3
int2float,w010_old,0,40019,1,47,3
int2float,w010_old,0,40020,1,48,3
int2float,w010_old,0,40021,1,48,3
int2float,w010_old,0,40022,1,46,3
int2float,w010_old,0,40023,1,46,3
int2float,w010_old,0,40024,1,45,3
int2float,w010_old,0,40025,1,49,3
int2float,w010_old,0,40026,1,46,3
int2float,w010_old,0,40027,1,47,3
int2float,w010_old,0,40028,1,47,3
int2float,w010_old,0,40029,1,46,3
int2float,w010_new,0,40000,1,48,3
int2float,w010_new,0,40001,1,45,3
int2float,w010_new,0,40002,1,48,3
int2float,w010_new,0,40003,1,48,3
int2float,w010_new,0,40004,1,49,3
int2float,w010_new,0,40005,1,46,3
int2float,w010_new,0,40006,1,49,3
int2float,w010_new,0,40007,1,47,3
int2float,w010_new,0,40008,1,49,3
int2float,w010_new,0,40009,1,49,3
int2float,w010_new,0,40010,1,45,3
int2float,w010_new,0,40011,1,49,3
int2float,w010_new,0,40012,1,47,3
int2float,w010_new,0,40013,1,46,3
int2float,w010_new,0,40014,1,46,3
int2float,w010_new,0,40015,1,46,3
int2float,w010_new,0,40016,1,48,3
int2float,w010_new,0,40017,1,46,3
int2float,w010_new,0,40018,1,44,3
int2float,w010_new,0,40019,1,47,3
int2float,w010_new,0,40020,1,49,3
int2float,w010_new,0,40021,1,46,3
int2float,w010_new,0,40022,1,49,3
int2float,w010_new,0,40023,1,46,3
int2float,w010_new,0,40024,1,45,3
int2float,w010_new,0,40025,1,46,3
int2float,w010_new,0,40026,1,47,3
int2float,w010_new,0,40027,1,47,3
int2float,w010_new,0,40028,1,46,3
int2float,w010_new,0,40029,1,47,3
int2float,legacy,1,40030,1,46,3
int2float,legacy,1,40031,1,49,3
int2float,legacy,1,40032,1,44,3
int2float,legacy,1,40033,1,48,3
int2float,legacy,1,40034,1,46,3
int2float,legacy,1,40035,1,47,3
int2float,legacy,1,40036,1,46,3
int2float,legacy,1,40037,1,48,3
int2float,legacy,1,40038,1,47,3
int2float,legacy,1,40039,1,47,3
int2float,legacy,1,40040,1,46,3
int2float,legacy,1,40041,1,46,3
int2float,legacy,1,40042,1,46,3
int2float,legacy,1,40043,1,46,3
int2float,legacy,1,40044,1,48,3
int2float,legacy,1,40045,1,47,3
int2float,legacy,1,40046,1,47,3
int2float,legacy,1,40047,1,48,3
int2float,legacy,1,40048,1,47,3
int2float,legacy,1,40049,1,46,3
int2float,legacy,1,40050,1,47,3
int2float,legacy,1,40051,1,45,3
int2float,legacy,1,40052,1,47,3
int2float,legacy,1,40053,1,46,3
int2float,legacy,1,40054,1,47,3
int2float,legacy,1,40055,1,45,3
int2float,legacy,1,40056,1,45,3
int2float,legacy,1,40057,1,47,3
int2float,legacy,1,40058,1,49,3
int2float,legacy,1,40059,1,45,3
int2float,w001_old,1,40030,1,46,3
int2float,w001_old,1,40031,1,48,3
int2float,w001_old,1,40032,1,46,3
int2float,w001_old,1,40033,1,46,3
int2float,w001_old,1,40034,1,45,3
int2float,w001_old,1,40035,1,47,3
int2float,w001_old,1,40036,1,46,3
int2float,w001_old,1,40037,1,48,3
int2float,w001_old,1,40038,1,47,3
int2float,w001_old,1,40039,1,47,3
int2float,w001_old,1,40040,1,46,3
int2float,w001_old,1,40041,1,46,3
int2float,w001_old,1,40042,1,46,3
int2float,w001_old,1,40043,1,45,3
int2float,w001_old,1,40044,1,47,3
int2float,w001_old,1,40045,1,47,3
int2float,w001_old,1,40046,1,44,3
int2float,w001_old,1,40047,1,46,3
int2float,w001_old,1,40048,1,47,3
int2float,w001_old,1,40049,1,46,3
int2float,w001_old,1,40050,1,47,3
int2float,w001_old,1,40051,1,45,3
int2float,w001_old,1,40052,1,47,3
int2float,w001_old,1,40053,1,46,3
int2float,w001_old,1,40054,1,47,3
int2float,w001_old,1,40055,1,47,3
int2float,w001_old,1,40056,1,47,3
int2float,w001_old,1,40057,1,47,3
int2float,w001_old,1,40058,1,47,3
int2float,w001_old,1,40059,1,45,3
int2float,w001_new,1,40030,1,48,3
int2float,w001_new,1,40031,1,48,3
int2float,w001_new,1,40032,1,46,3
int2float,w001_new,1,40033,1,46,3
int2float,w001_new,1,40034,1,44,3
int2float,w001_new,1,40035,1,47,3
int2float,w001_new,1,40036,1,46,3
int2float,w001_new,1,40037,1,48,3
int2float,w001_new,1,40038,1,47,3
int2float,w001_new,1,40039,1,47,3
int2float,w001_new,1,40040,1,46,3
int2float,w001_new,1,40041,1,47,3
int2float,w001_new,1,40042,1,46,3
int2float,w001_new,1,40043,1,47,3
int2float,w001_new,1,40044,1,48,3
int2float,w001_new,1,40045,1,47,3
int2float,w001_new,1,40046,1,44,3
int2float,w001_new,1,40047,1,46,3
int2float,w001_new,1,40048,1,47,3
int2float,w001_new,1,40049,1,46,3
int2float,w001_new,1,40050,1,47,3
int2float,w001_new,1,40051,1,45,3
int2float,w001_new,1,40052,1,47,3
int2float,w001_new,1,40053,1,46,3
int2float,w001_new,1,40054,1,47,3
int2float,w001_new,1,40055,1,47,3
int2float,w001_new,1,40056,1,45,3
int2float,w001_new,1,40057,1,47,3
int2float,w001_new,1,40058,1,46,3
int2float,w001_new,1,40059,1,45,3
int2float,w010_old,1,40030,1,49,3
int2float,w010_old,1,40031,1,47,3
int2float,w010_old,1,40032,1,46,3
int2float,w010_old,1,40033,1,46,3
int2float,w010_old,1,40034,1,46,3
int2float,w010_old,1,40035,1,46,3
int2float,w010_old,1,40036,1,46,3
int2float,w010_old,1,40037,1,45,3
int2float,w010_old,1,40038,1,48,3
int2float,w010_old,1,40039,1,47,3
int2float,w010_old,1,40040,1,44,3
int2float,w010_old,1,40041,1,46,3
int2float,w010_old,1,40042,1,46,3
int2float,w010_old,1,40043,1,46,3
int2float,w010_old,1,40044,1,48,3
int2float,w010_old,1,40045,1,49,3
int2float,w010_old,1,40046,1,46,3
int2float,w010_old,1,40047,1,47,3
int2float,w010_old,1,40048,1,47,3
int2float,w010_old,1,40049,1,47,3
int2float,w010_old,1,40050,1,47,3
int2float,w010_old,1,40051,1,47,3
int2float,w010_old,1,40052,1,48,3
int2float,w010_old,1,40053,1,47,3
int2float,w010_old,1,40054,1,45,3
int2float,w010_old,1,40055,1,45,3
int2float,w010_old,1,40056,1,48,3
int2float,w010_old,1,40057,1,45,3
int2float,w010_old,1,40058,1,46,3
int2float,w010_old,1,40059,1,46,3
int2float,w010_new,1,40030,1,46,3
int2float,w010_new,1,40031,1,45,3
int2float,w010_new,1,40032,1,44,3
int2float,w010_new,1,40033,1,48,3
int2float,w010_new,1,40034,1,47,3
int2float,w010_new,1,40035,1,47,3
int2float,w010_new,1,40036,1,45,3
int2float,w010_new,1,40037,1,46,3
int2float,w010_new,1,40038,1,49,3
int2float,w010_new,1,40039,1,49,3
int2float,w010_new,1,40040,1,48,3
int2float,w010_new,1,40041,1,46,3
int2float,w010_new,1,40042,1,45,3
int2float,w010_new,1,40043,1,46,3
int2float,w010_new,1,40044,1,46,3
int2float,w010_new,1,40045,1,47,3
int2float,w010_new,1,40046,1,45,3
int2float,w010_new,1,40047,1,49,3
int2float,w010_new,1,40048,1,47,3
int2float,w010_new,1,40049,1,46,3
int2float,w010_new,1,40050,1,47,3
int2float,w010_new,1,40051,1,48,3
int2float,w010_new,1,40052,1,49,3
int2float,w010_new,1,40053,1,46,3
int2float,w010_new,1,40054,1,44,3
int2float,w010_new,1,40055,1,47,3
int2float,w010_new,1,40056,1,48,3
int2float,w010_new,1,40057,1,46,3
int2float,w010_new,1,40058,1,46,3
int2float,w010_new,1,40059,1,44,3
int2float,legacy,2,40060,1,47,3
int2float,legacy,2,40061,1,46,3
int2float,legacy,2,40062,1,49,3
int2float,legacy,2,40063,1,48,3
int2float,legacy,2,40064,1,45,3
int2float,legacy,2,40065,1,44,3
int2float,legacy,2,40066,1,48,3
int2float,legacy,2,40067,1,45,3
int2float,legacy,2,40068,1,47,3
int2float,legacy,2,40069,1,45,3
int2float,legacy,2,40070,1,47,3
int2float,legacy,2,40071,1,46,3
int2float,legacy,2,40072,1,46,3
int2float,legacy,2,40073,1,49,3
int2float,legacy,2,40074,1,48,3
int2float,legacy,2,40075,1,48,3
int2float,legacy,2,40076,1,48,3
int2float,legacy,2,40077,1,46,3
int2float,legacy,2,40078,1,46,3
int2float,legacy,2,40079,1,46,3
int2float,legacy,2,40080,1,45,3
int2float,legacy,2,40081,1,47,3
int2float,legacy,2,40082,1,46,3
int2float,legacy,2,40083,1,47,3
int2float,legacy,2,40084,1,46,3
int2float,legacy,2,40085,1,47,3
int2float,legacy,2,40086,1,46,3
int2float,legacy,2,40087,1,47,3
int2float,legacy,2,40088,1,44,3
int2float,legacy,2,40089,1,45,3
int2float,w001_old,2,40060,1,47,3
int2float,w001_old,2,40061,1,46,3
int2float,w001_old,2,40062,1,49,3
int2float,w001_old,2,40063,1,48,3
int2float,w001_old,2,40064,1,45,3
int2float,w001_old,2,40065,1,45,3
int2float,w001_old,2,40066,1,48,3
int2float,w001_old,2,40067,1,45,3
int2float,w001_old,2,40068,1,48,3
int2float,w001_old,2,40069,1,45,3
int2float,w001_old,2,40070,1,47,3
int2float,w001_old,2,40071,1,46,3
int2float,w001_old,2,40072,1,46,3
int2float,w001_old,2,40073,1,49,3
int2float,w001_old,2,40074,1,48,3
int2float,w001_old,2,40075,1,47,3
int2float,w001_old,2,40076,1,48,3
int2float,w001_old,2,40077,1,47,3
int2float,w001_old,2,40078,1,46,3
int2float,w001_old,2,40079,1,46,3
int2float,w001_old,2,40080,1,48,3
int2float,w001_old,2,40081,1,47,3
int2float,w001_old,2,40082,1,46,3
int2float,w001_old,2,40083,1,47,3
int2float,w001_old,2,40084,1,45,3
int2float,w001_old,2,40085,1,48,3
int2float,w001_old,2,40086,1,46,3
int2float,w001_old,2,40087,1,47,3
int2float,w001_old,2,40088,1,44,3
int2float,w001_old,2,40089,1,47,3
int2float,w001_new,2,40060,1,47,3
int2float,w001_new,2,40061,1,46,3
int2float,w001_new,2,40062,1,49,3
int2float,w001_new,2,40063,1,48,3
int2float,w001_new,2,40064,1,45,3
int2float,w001_new,2,40065,1,44,3
int2float,w001_new,2,40066,1,48,3
int2float,w001_new,2,40067,1,45,3
int2float,w001_new,2,40068,1,48,3
int2float,w001_new,2,40069,1,45,3
int2float,w001_new,2,40070,1,47,3
int2float,w001_new,2,40071,1,46,3
int2float,w001_new,2,40072,1,45,3
int2float,w001_new,2,40073,1,47,3
int2float,w001_new,2,40074,1,48,3
int2float,w001_new,2,40075,1,48,3
int2float,w001_new,2,40076,1,47,3
int2float,w001_new,2,40077,1,47,3
int2float,w001_new,2,40078,1,46,3
int2float,w001_new,2,40079,1,46,3
int2float,w001_new,2,40080,1,45,3
int2float,w001_new,2,40081,1,47,3
int2float,w001_new,2,40082,1,45,3
int2float,w001_new,2,40083,1,47,3
int2float,w001_new,2,40084,1,46,3
int2float,w001_new,2,40085,1,47,3
int2float,w001_new,2,40086,1,46,3
int2float,w001_new,2,40087,1,47,3
int2float,w001_new,2,40088,1,44,3
int2float,w001_new,2,40089,1,45,3
int2float,w010_old,2,40060,1,48,3
int2float,w010_old,2,40061,1,46,3
int2float,w010_old,2,40062,1,44,3
int2float,w010_old,2,40063,1,48,3
int2float,w010_old,2,40064,1,47,3
int2float,w010_old,2,40065,1,45,3
int2float,w010_old,2,40066,1,47,3
int2float,w010_old,2,40067,1,46,3
int2float,w010_old,2,40068,1,47,3
int2float,w010_old,2,40069,1,47,3
int2float,w010_old,2,40070,1,47,3
int2float,w010_old,2,40071,1,47,3
int2float,w010_old,2,40072,1,45,3
int2float,w010_old,2,40073,1,47,3
int2float,w010_old,2,40074,1,48,3
int2float,w010_old,2,40075,1,48,3
int2float,w010_old,2,40076,1,47,3
int2float,w010_old,2,40077,1,47,3
int2float,w010_old,2,40078,1,47,3
int2float,w010_old,2,40079,1,47,3
int2float,w010_old,2,40080,1,47,3
int2float,w010_old,2,40081,1,47,3
int2float,w010_old,2,40082,1,46,3
int2float,w010_old,2,40083,1,49,3
int2float,w010_old,2,40084,1,49,3
int2float,w010_old,2,40085,1,47,3
int2float,w010_old,2,40086,1,48,3
int2float,w010_old,2,40087,1,47,3
int2float,w010_old,2,40088,1,47,3
int2float,w010_old,2,40089,1,47,3
int2float,w010_new,2,40060,1,46,3
int2float,w010_new,2,40061,1,46,3
int2float,w010_new,2,40062,1,45,3
int2float,w010_new,2,40063,1,46,3
int2float,w010_new,2,40064,1,46,3
int2float,w010_new,2,40065,1,47,3
int2float,w010_new,2,40066,1,49,3
int2float,w010_new,2,40067,1,45,3
int2float,w010_new,2,40068,1,46,3
int2float,w010_new,2,40069,1,48,3
int2float,w010_new,2,40070,1,47,3
int2float,w010_new,2,40071,1,48,3
int2float,w010_new,2,40072,1,45,3
int2float,w010_new,2,40073,1,47,3
int2float,w010_new,2,40074,1,48,3
int2float,w010_new,2,40075,1,48,3
int2float,w010_new,2,40076,1,47,3
int2float,w010_new,2,40077,1,47,3
int2float,w010_new,2,40078,1,45,3
int2float,w010_new,2,40079,1,47,3
int2float,w010_new,2,40080,1,45,3
int2float,w010_new,2,40081,1,47,3
int2float,w010_new,2,40082,1,46,3
int2float,w010_new,2,40083,1,49,3
int2float,w010_new,2,40084,1,47,3
int2float,w010_new,2,40085,1,46,3
int2float,w010_new,2,40086,1,45,3
int2float,w010_new,2,40087,1,47,3
int2float,w010_new,2,40088,1,46,3
int2float,w010_new,2,40089,1,47,3
i2c,legacy,0,40000,1,308,4
i2c,legacy,0,40001,1,325,4
i2c,legacy,0,40002,1,325,4
i2c,legacy,0,40003,1,310,4
i2c,legacy,0,40004,1,313,4
i2c,legacy,0,40005,1,310,4
i2c,legacy,0,40006,1,308,4
i2c,legacy,0,40007,1,312,4
i2c,legacy,0,40008,1,321,4
i2c,legacy,0,40009,1,319,4
i2c,legacy,0,40010,1,311,4
i2c,legacy,0,40011,1,321,4
i2c,legacy,0,40012,1,323,4
i2c,legacy,0,40013,1,320,4
i2c,legacy,0,40014,1,312,4
i2c,legacy,0,40015,1,305,4
i2c,legacy,0,40016,1,326,4
i2c,legacy,0,40017,1,316,4
i2c,legacy,0,40018,1,314,4
i2c,legacy,0,40019,1,306,4
i2c,legacy,0,40020,1,316,4
i2c,legacy,0,40021,1,314,4
i2c,legacy,0,40022,1,319,4
i2c,legacy,0,40023,1,324,4
i2c,legacy,0,40024,1,300,4
i2c,legacy,0,40025,1,310,4
i2c,legacy,0,40026,1,321,4
i2c,legacy,0,40027,1,327,4
i2c,legacy,0,40028,1,305,4
i2c,legacy,0,40029,1,325,4
i2c,w001_old,0,40000,1,311,4
i2c,w001_old,0,40001,1,318,4
i2c,w001_old,0,40002,1,325,4
i2c,w001_old,0,40003,1,310,4
i2c,w001_old,0,40004,1,321,4
i2c,w001_old,0,40005,1,320,4
i2c,w001_old,0,40006,1,308,4
i2c,w001_old,0,40007,1,312,4
i2c,w001_old,0,40008,1,321,4
i2c,w001_old,0,40009,1,319,4
i2c,w001_old,0,40010,1,320,4
i2c,w001_old,0,40011,1,318,4
i2c,w001_old,0,40012,1,318,4
i2c,w001_old,0,40013,1,320,4
i2c,w001_old,0,40014,1,311,4
i2c,w001_old,0,40015,1,304,4
i2c,w001_old,0,40016,1,320,4
i2c,w001_old,0,40017,1,313,4
i2c,w001_old,0,40018,1,320,4
i2c,w001_old,0,40019,1,306,4
i2c,w001_old,0,40020,1,309,4
i2c,w001_old,0,40021,1,314,4
i2c,w001_old,0,40022,1,319,4
i2c,w001_old,0,40023,1,320,4
i2c,w001_old,0,40024,1,306,4
i2c,w001_old,0,40025,1,310,4
i2c,w001_old,0,40026,1,325,4
i2c,w001_old,0,40027,1,327,4
i2c,w001_old,0,40028,1,305,4
i2c,w001_old,0,40029,1,316,4
i2c,w001_new,0,40000,1,311,4
i2c,w001_new,0,40001,1,312,4
i2c,w001_new,0,40002,1,314,4
i2c,w001_new,0,40003,1,305,4
i2c,w001_new,0,40004,1,301,4
i2c,w001_new,0,40005,1,304,4
i2c,w001_new,0,40006,1,305,4
i2c,w001_new,0,40007,1,315,4
i2c,w001_new,0,40008,1,310,4
i2c,w001_new,0,40009,1,317,4
i2c,w001_new,0,40010,1,315,4
i2c,w001_new,0,40011,1,323,4
i2c,w001_new,0,40012,1,316,4
i2c,w001_new,0,40013,1,313,4
i2c,w001_new,0,40014,1,302,4
i2c,w001_new,0,40015,1,300,4
i2c,w001_new,0,40016,1,313,4
i2c,w001_new,0,40017,1,314,4
i2c,w001_new,0,40018,1,319,4
i2c,w001_new,0,40019,1,306,4
i2c,w001_new,0,40020,1,313,4
i2c,w001_new,0,40021,1,316,4
i2c,w001_new,0,40022,1,309,4
i2c,w001_new,0,40023,1,315,4
i2c,w001_new,0,40024,1,298,4
i2c,w001_new,0,40025,1,317,4
i2c,w001_new,0,40026,1,325,4
i2c,w001_new,0,40027,1,327,4
i2c,w001_new,0,40028,1,312,4
i2c,w001_new,0,40029,1,334,4
i2c,w010_old,0,40000,1,314,4
i2c,w010_old,0,40001,1,308,4
i2c,w010_old,0,40002,1,315,4
i2c,w010_old,0,40003,1,311,4
i2c,w010_old,0,40004,1,303,4
i2c,w010_old,0,40005,1,303,4
i2c,w010_old,0,40006,1,303,4
i2c,w010_old,0,40007,1,313,4
i2c,w010_old,0,40008,1,318,4
i2c,w010_old,0,40009,1,318,4
i2c,w010_old,0,40010,1,318,4
i2c,w010_old,0,40011,1,318,4
i2c,w010_old,0,40012,1,318,4
i2c,w010_old,0,40013,1,316,4
i2c,w010_old,0,40014,1,314,4
i2c,w010_old,0,40015,1,299,4
i2c,w010_old,0,40016,1,318,4
i2c,w010_old,0,40017,1,314,4
i2c,w010_old,0,40018,1,303,4
i2c,w010_old,0,40019,1,314,4
i2c,w010_old,0,40020,1,314,4
i2c,w010_old,0,40021,1,312,4
i2c,w010_old,0,40022,1,318,4
i2c,w010_old,0,40023,1,298,4
i2c,w010_old,0,40024,1,303,4
i2c,w010_old,0,40025,1,302,4
i2c,w010_old,0,40026,1,311,4
i2c,w010_old,0,40027,1,305,4
i2c,w010_old,0,40028,1,314,4
i2c,w010_old,0,40029,1,314,4
i2c,w010_new,0,40000,1,305,4
i2c,w010_new,0,40001,1,308,4
i2c,w010_new,0,40002,1,300,4
i2c,w010_new,0,40003,1,295,4
i2c,w010_new,0,40004,1,303,4
i2c,w010_new,0,40005,1,303,4
i2c,w010_new,0,40006,1,303,4
i2c,w010_new,0,40007,1,302,4
i2c,w010_new,0,40008,1,309,4
i2c,w010_new,0,40009,1,314,4
i2c,w010_new,0,40010,1,305,4
i2c,w010_new,0,40011,1,304,4
i2c,w010_new,0,40012,1,314,4
i2c,w010_new,0,40013,1,314,4
i2c,w010_new,0,40014,1,305,4
i2c,w010_new,0,40015,1,299,4
i2c,w010_new,0,40016,1,318,4
i2c,w010_new,0,40017,1,314,4
i2c,w010_new,0,40018,1,303,4
i2c,w010_new,0,40019,1,297,4
i2c,w010_new,0,40020,1,305,4
i2c,w010_new,0,40021,1,301,4
i2c,w010_new,0,40022,1,314,4
i2c,w010_new,0,40023,1,303,4
i2c,w010_new,0,40024,1,303,4
i2c,w010_new,0,40025,1,305,4
i2c,w010_new,0,40026,1,314,4
i2c,w010_new,0,40027,1,302,4
i2c,w010_new,0,40028,1,306,4
i2c,w010_new,0,40029,1,303,4
i2c,legacy,1,40030,1,319,4
i2c,legacy,1,40031,1,320,4
i2c,legacy,1,40032,1,323,4
i2c,legacy,1,40033,1,318,4
i2c,legacy,1,40034,1,326,4
i2c,legacy,1,40035,1,323,4
i2c,legacy,1,40036,1,321,4
i2c,legacy,1,40037,1,319,4
i2c,legacy,1,40038,1,321,4
i2c,legacy,1,40039,1,326,4
i2c,legacy,1,40040,1,319,4
i2c,legacy,1,40041,1,324,4
i2c,legacy,1,40042,1,318,4
i2c,legacy,1,40043,1,323,4
i2c,legacy,1,40044,1,323,4
i2c,legacy,1,40045,1,321,4
i2c,legacy,1,40046,1,322,4
i2c,legacy,1,40047,1,314,4
i2c,legacy,1,40048,1,326,4
i2c,legacy,1,40049,1,345,4
i2c,legacy,1,40050,1,323,4
i2c,legacy,1,40051,1,320,4
i2c,legacy,1,40052,1,319,4
i2c,legacy,1,40053,1,311,4
i2c,legacy,1,40054,1,326,4
i2c,legacy,1,40055,1,330,4
i2c,legacy,1,40056,1,316,4
i2c,legacy,1,40057,1,328,4
i2c,legacy,1,40058,1,316,4
i2c,legacy,1,40059,1,327,4
i2c,w001_old,1,40030,1,316,4
i2c,w001_old,1,40031,1,308,4
i2c,w001_old,1,40032,1,309,4
i2c,w001_old,1,40033,1,322,4
i2c,w001_old,1,40034,1,317,4
i2c,w001_old,1,40035,1,317,4
i2c,w001_old,1,40036,1,322,4
i2c,w001_old,1,40037,1,310,4
i2c,w001_old,1,40038,1,321,4
i2c,w001_old,1,40039,1,326,4
i2c,w001_old,1,40040,1,319,4
i2c,w001_old,1,40041,1,328,4
i2c,w001_old,1,40042,1,316,4
i2c,w001_old,1,40043,1,320,4
i2c,w001_old,1,40044,1,317,4
i2c,w001_old,1,40045,1,317,4
i2c,w001_old,1,40046,1,322,4
i2c,w001_old,1,40047,1,314,4
i2c,w001_old,1,40048,1,319,4
i2c,w001_old,1,40049,1,345,4
i2c,w001_old,1,40050,1,323,4
i2c,w001_old,1,40051,1,321,4
i2c,w001_old,1,40052,1,314,4
i2c,w001_old,1,40053,1,313,4
i2c,w001_old,1,40054,1,323,4
i2c,w001_old,1,40055,1,330,4
i2c,w001_old,1,40056,1,316,4
i2c,w001_old,1,40057,1,328,4
i2c,w001_old,1,40058,1,320,4
i2c,w001_old,1,40059,1,324,4
i2c,w001_new,1,40030,1,316,4
i2c,w001_new,1,40031,1,308,4
i2c,w001_new,1,40032,1,310,4
i2c,w001_new,1,40033,1,322,4
i2c,w001_new,1,40034,1,317,4
i2c,w001_new,1,40035,1,317,4
i2c,w001_new,1,40036,1,322,4
i2c,w001_new,1,40037,1,311,4
i2c,w001_new,1,40038,1,314,4
i2c,w001_new,1,40039,1,322,4
i2c,w001_new,1,40040,1,319,4
i2c,w001_new,1,40041,1,328,4
i2c,w001_new,1,40042,1,316,4
i2c,w001_new,1,40043,1,320,4
i2c,w001_new,1,40044,1,317,4
i2c,w001_new,1,40045,1,320,4
i2c,w001_new,1,40046,1,322,4
i2c,w001_new,1,40047,1,307,4
i2c,w001_new,1,40048,1,317,4
i2c,w001_new,1,40049,1,345,4
i2c,w001_new,1,40050,1,323,4
i2c,w001_new,1,40051,1,321,4
i2c,w001_new,1,40052,1,314,4
i2c,w001_new,1,40053,1,313,4
i2c,w001_new,1,40054,1,323,4
i2c,w001_new,1,40055,1,322,4
i2c,w001_new,1,40056,1,316,4
i2c,w001_new,1,40057,1,328,4
i2c,w001_new,1,40058,1,315,4
i2c,w001_new,1,40059,1,324,4
i2c,w010_old,1,40030,1,315,4
i2c,w010_old,1,40031,1,307,4
i2c,w010_old,1,40032,1,306,4
i2c,w010_old,1,40033,1,313,4
i2c,w010_old,1,40034,1,306,4
i2c,w010_old,1,40035,1,317,4
i2c,w010_old,1,40036,1,324,4
i2c,w010_old,1,40037,1,318,4
i2c,w010_old,1,40038,1,315,4
i2c,w010_old,1,40039,1,322,4
i2c,w010_old,1,40040,1,314,4
i2c,w010_old,1,40041,1,319,4
i2c,w010_old,1,40042,1,309,4
i2c,w010_old,1,40043,1,305,4
i2c,w010_old,1,40044,1,316,4
i2c,w010_old,1,40045,1,313,4
i2c,w010_old,1,40046,1,314,4
i2c,w010_old,1,40047,1,311,4
i2c,w010_old,1,40048,1,309,4
i2c,w010_old,1,40049,1,318,4
i2c,w010_old,1,40050,1,316,4
i2c,w010_old,1,40051,1,314,4
i2c,w010_old,1,40052,1,322,4
i2c,w010_old,1,40053,1,312,4
i2c,w010_old,1,40054,1,326,4
i2c,w010_old,1,40055,1,309,4
i2c,w010_old,1,40056,1,310,4
i2c,w010_old,1,40057,1,317,4
i2c,w010_old,1,40058,1,310,4
i2c,w010_old,1,40059,1,313,4
i2c,w010_new,1,40030,1,302,4
i2c,w010_new,1,40031,1,306,4
i2c,w010_new,1,40032,1,314,4
i2c,w010_new,1,40033,1,304,4
i2c,w010_new,1,40034,1,314,4
i2c,w010_new,1,40035,1,309,4
i2c,w010_new,1,40036,1,307,4
i2c,w010_new,1,40037,1,308,4
i2c,w010_new,1,40038,1,300,4
i2c,w010_new,1,40039,1,311,4
i2c,w010_new,1,40040,1,301,4
i2c,w010_new,1,40041,1,303,4
i2c,w010_new,1,40042,1,303,4
i2c,w010_new,1,40043,1,314,4
i2c,w010_new,1,40044,1,309,4
i2c,w010_new,1,40045,1,307,4
i2c,w010_new,1,40046,1,303,4
i2c,w010_new,1,40047,1,305,4
i2c,w010_new,1,40048,1,314,4
i2c,w010_new,1,40049,1,306,4
i2c,w010_new,1,40050,1,308,4
i2c,w010_new,1,40051,1,316,4
i2c,w010_new,1,40052,1,323,4
i2c,w010_new,1,40053,1,314,4
i2c,w010_new,1,40054,1,306,4
i2c,w010_new,1,40055,1,308,4
i2c,w010_new,1,40056,1,309,4
i2c,w010_new,1,40057,1,313,4
i2c,w010_new,1,40058,1,302,4
i2c,w010_new,1,40059,1,317,4
i2c,legacy,2,40060,1,320,4
i2c,legacy,2,40061,1,320,4
i2c,legacy,2,40062,1,315,4
i2c,legacy,2,40063,1,315,4
i2c,legacy,2,40064,1,318,4
i2c,legacy,2,40065,1,319,4
i2c,legacy,2,40066,1,319,4
i2c,legacy,2,40067,1,330,4
i2c,legacy,2,40068,1,327,4
i2c,legacy,2,40069,1,333,4
i2c,legacy,2,40070,1,314,4
i2c,legacy,2,40071,1,328,4
i2c,legacy,2,40072,1,309,4
i2c,legacy,2,40073,1,318,4
i2c,legacy,2,40074,1,318,4
i2c,legacy,2,40075,1,332,4
i2c,legacy,2,40076,1,323,4
i2c,legacy,2,40077,1,331,4
i2c,legacy,2,40078,1,326,4
i2c,legacy,2,40079,1,321,4
i2c,legacy,2,40080,1,314,4
i2c,legacy,2,40081,1,326,4
i2c,legacy,2,40082,1,325,4
i2c,legacy,2,40083,1,325,4
i2c,legacy,2,40084,1,309,4
i2c,legacy,2,40085,1,330,4
i2c,legacy,2,40086,1,314,4
i2c,legacy,2,40087,1,319,4
i2c,legacy,2,40088,1,314,4
i2c,legacy,2,40089,1,327,4
i2c,w001_old,2,40060,1,316,4
i2c,w001_old,2,40061,1,320,4
i2c,w001_old,2,40062,1,315,4
i2c,w001_old,2,40063,1,315,4
i2c,w001_old,2,40064,1,318,4
i2c,w001_old,2,40065,1,310,4
i2c,w001_old,2,40066,1,312,4
i2c,w001_old,2,40067,1,330,4
i2c,w001_old,2,40068,1,327,4
i2c,w001_old,2,40069,1,333,4
i2c,w001_old,2,40070,1,310,4
i2c,w001_old,2,40071,1,328,4
i2c,w001_old,2,40072,1,321,4
i2c,w001_old,2,40073,1,318,4
i2c,w001_old,2,40074,1,318,4
i2c,w001_old,2,40075,1,332,4
i2c,w001_old,2,40076,1,323,4
i2c,w001_old,2,40077,1,331,4
i2c,w001_old,2,40078,1,323,4
i2c,w001_old,2,40079,1,320,4
i2c,w001_old,2,40080,1,314,4
i2c,w001_old,2,40081,1,326,4
i2c,w001_old,2,40082,1,325,4
i2c,w001_old,2,40083,1,325,4
i2c,w001_old,2,40084,1,310,4
i2c,w001_old,2,40085,1,330,4
i2c,w001_old,2,40086,1,314,4
i2c,w001_old,2,40087,1,315,4
i2c,w001_old,2,40088,1,314,4
i2c,w001_old,2,40089,1,312,4
i2c,w001_new,2,40060,1,313,4
i2c,w001_new,2,40061,1,321,4
i2c,w001_new,2,40062,1,311,4
i2c,w001_new,2,40063,1,312,4
i2c,w001_new,2,40064,1,318,4
i2c,w001_new,2,40065,1,310,4
i2c,w001_new,2,40066,1,312,4
i2c,w001_new,2,40067,1,330,4
i2c,w001_new,2,40068,1,327,4
i2c,w001_new,2,40069,1,310,4
i2c,w001_new,2,40070,1,310,4
i2c,w001_new,2,40071,1,325,4
i2c,w001_new,2,40072,1,309,4
i2c,w001_new,2,40073,1,312,4
i2c,w001_new,2,40074,1,318,4
i2c,w001_new,2,40075,1,332,4
i2c,w001_new,2,40076,1,323,4
i2c,w001_new,2,40077,1,331,4
i2c,w001_new,2,40078,1,317,4
i2c,w001_new,2,40079,1,313,4
i2c,w001_new,2,40080,1,305,4
i2c,w001_new,2,40081,1,322,4
i2c,w001_new,2,40082,1,325,4
i2c,w001_new,2,40083,1,325,4
i2c,w001_new,2,40084,1,310,4
i2c,w001_new,2,40085,1,321,4
i2c,w001_new,2,40086,1,308,4
i2c,w001_new,2,40087,1,319,4
i2c,w001_new,2,40088,1,310,4
i2c,w001_new,2,40089,1,314,4
i2c,w010_old,2,40060,1,314,4
i2c,w010_old,2,40061,1,314,4
i2c,w010_old,2,40062,1,314,4
i2c,w010_old,2,40063,1,316,4
i2c,w010_old,2,40064,1,318,4
i2c,w010_old,2,40065,1,315,4
i2c,w010_old,2,40066,1,301,4
i2c,w010_old,2,40067,1,303,4
i2c,w010_old,2,40068,1,319,4
i2c,w010_old,2,40069,1,316,4
i2c,w010_old,2,40070,1,314,4
i2c,w010_old,2,40071,1,316,4
i2c,w010_old,2,40072,1,314,4
i2c,w010_old,2,40073,1,312,4
i2c,w010_old,2,40074,1,314,4
i2c,w010_old,2,40075,1,319,4
i2c,w010_old,2,40076,1,314,4
i2c,w010_old,2,40077,1,314,4
i2c,w010_old,2,40078,1,311,4
i2c,w010_old,2,40079,1,316,4
i2c,w010_old,2,40080,1,314,4
i2c,w010_old,2,40081,1,316,4
i2c,w010_old,2,40082,1,315,4
i2c,w010_old,2,40083,1,303,4
i2c,w010_old,2,40084,1,303,4
i2c,w010_old,2,40085,1,320,4
i2c,w010_old,2,40086,1,314,4
i2c,w010_old,2,40087,1,314,4
i2c,w010_old,2,40088,1,317,4
i2c,w010_old,2,40089,1,318,4
i2c,w010_new,2,40060,1,303,4
i2c,w010_new,2,40061,1,302,4
i2c,w010_new,2,40062,1,305,4
i2c,w010_new,2,40063,1,305,4
i2c,w010_new,2,40064,1,314,4
i2c,w010_new,2,40065,1,302,4
i2c,w010_new,2,40066,1,310,4
i2c,w010_new,2,40067,1,307,4
i2c,w010_new,2,40068,1,308,4
i2c,w010_new,2,40069,1,299,4
i2c,w010_new,2,40070,1,304,4
i2c,w010_new,2,40071,1,309,4
i2c,w010_new,2,40072,1,299,4
i2c,w010_new,2,40073,1,301,4
i2c,w010_new,2,40074,1,320,4
i2c,w010_new,2,40075,1,307,4
i2c,w010_new,2,40076,1,305,4
i2c,w010_new,2,40077,1,306,4
i2c,w010_new,2,40078,1,304,4
i2c,w010_new,2,40079,1,301,4
i2c,w010_new,2,40080,1,304,4
i2c,w010_new,2,40081,1,305,4
i2c,w010_new,2,40082,1,302,4
i2c,w010_new,2,40083,1,309,4
i2c,w010_new,2,40084,1,305,4
i2c,w010_new,2,40085,1,319,4
i2c,w010_new,2,40086,1,296,4
i2c,w010_new,2,40087,1,306,4
i2c,w010_new,2,40088,1,310,4
i2c,w010_new,2,40089,1,316,4
max,legacy,0,40000,0,,42
max,legacy,0,40001,0,,42
max,legacy,0,40002,0,,46
max,legacy,0,40003,0,,49
max,legacy,0,40004,0,,43
max,legacy,0,40005,0,,42
max,legacy,0,40006,0,,46
max,legacy,0,40007,0,,43
max,legacy,0,40008,0,,42
max,legacy,0,40009,0,,43
max,legacy,0,40010,1,796,38
max,legacy,0,40011,0,,43
max,legacy,0,40012,1,795,40
max,legacy,0,40013,0,,42
max,legacy,0,40014,0,,42
max,legacy,0,40015,0,,42
max,legacy,0,40016,1,777,41
max,legacy,0,40017,0,,42
max,legacy,0,40018,1,790,41
max,legacy,0,40019,0,,43
max,legacy,0,40020,0,,42
max,legacy,0,40021,0,,42
max,legacy,0,40022,1,806,39
max,legacy,0,40023,0,,42
max,legacy,0,40024,0,,42
max,legacy,0,40025,0,,42
max,legacy,0,40026,1,790,41
max,legacy,0,40027,0,,42
max,legacy,0,40028,1,785,41
max,legacy,0,40029,0,,46
max,w001_old,0,40000,1,782,41
max,w001_old,0,40001,0,,42
max,w001_old,0,40002,0,,46
max,w001_old,0,40003,0,,49
max,w001_old,0,40004,0,,43
max,w001_old,0,40005,1,785,41
max,w001_old,0,40006,0,,46
max,w001_old,0,40007,0,,43
max,w001_old,0,40008,0,,42
max,w001_old,0,40009,0,,43
max,w001_old,0,40010,1,799,40
max,w001_old,0,40011,0,,43
max,w001_old,0,40012,1,795,40
max,w001_old,0,40013,0,,42
max,w001_old,0,40014,0,,42
max,w001_old,0,40015,0,,42
max,w001_old,0,40016,1,777,41
max,w001_old,0,40017,0,,42
max,w001_old,0,40018,1,790,41
max,w001_old,0,40019,0,,43
max,w001_old,0,40020,0,,42
max,w001_old,0,40021,0,,42
max,w001_old,0,40022,1,806,39
max,w001_old,0,40023,0,,42
max,w001_old,0,40024,0,,42
max,w001_old,0,40025,0,,42
max,w001_old,0,40026,1,790,41
max,w001_old,0,40027,0,,42
max,w001_old,0,40028,1,785,41
max,w001_old,0,40029,0,,46
max,w001_new,0,40000,0,,42
max,w001_new,0,40001,0,,42
max,w001_new,0,40002,0,,46
max,w001_new,0,40003,0,,49
max,w001_new,0,40004,0,,43
max,w001_new,0,40005,0,,42
max,w001_new,0,40006,0,,47
max,w001_new,0,40007,0,,43
max,w001_new,0,40008,0,,42
max,w001_new,0,40009,0,,43
max,w001_new,0,40010,1,766,41
max,w001_new,0,40011,0,,44
max,w001_new,0,40012,1,795,40
max,w001_new,0,40013,0,,42
max,w001_new,0,40014,1,786,41
max,w001_new,0,40015,1,773,40
max,w001_new,0,40016,1,777,41
max,w001_new,0,40017,0,,42
max,w001_new,0,40018,1,790,41
max,w001_new,0,40019,0,,42
max,w001_new,0,40020,1,770,41
max,w001_new,0,40021,0,,42
max,w001_new,0,40022,1,806,39
max,w001_new,0,40023,0,,42
max,w001_new,0,40024,0,,42
max,w001_new,0,40025,0,,42
max,w001_new,0,40026,1,790,41
max,w001_new,0,40027,0,,42
max,w001_new,0,40028,1,785,41
max,w001_new,0,40029,0,,46
max,w010_old,0,40000,1,767,41
max,w010_old,0,40001,0,,42
max,w010_old,0,40002,0,,46
max,w010_old,0,40003,0,,49
max,w010_old,0,40004,0,,43
max,w010_old,0,40005,1,808,40
max,w010_old,0,40006,0,,46
max,w010_old,0,40007,0,,42
max,w010_old,0,40008,0,,42
max,w010_old,0,40009,0,,42
max,w010_old,0,40010,0,,42
max,w010_old,0,40011,0,,42
max,w010_old,0,40012,1,781,41
max,w010_old,0,40013,0,,42
max,w010_old,0,40014,0,,43
max,w010_old,0,40015,0,,42
max,w010_old,0,40016,1,792,41
max,w010_old,0,40017,0,,42
max,w010_old,0,40018,1,806,40
max,w010_old,0,40019,0,,45
max,w010_old,0,40020,0,,42
max,w010_old,0,40021,0,,42
max,w010_old,0,40022,1,806,39
max,w010_old,0,40023,0,,42
max,w010_old,0,40024,0,,42
max,w010_old,0,40025,0,,42
max,w010_old,0,40026,0,,46
max,w010_old,0,40027,0,,42
max,w010_old,0,40028,0,,42
max,w010_old,0,40029,0,,42
max,w010_new,0,40000,0,,42
max,w010_new,0,40001,0,,42
max,w010_new,0,40002,0,,43
max,w010_new,0,40003,1,783,41
max,w010_new,0,40004,1,792,41
max,w010_new,0,40005,0,,42
max,w010_new,0,40006,1,781,41
max,w010_new,0,40007,0,,42
max,w010_new,0,40008,0,,42
max,w010_new,0,40009,0,,42
max,w010_new,0,40010,1,797,41
max,w010_new,0,40011,0,,42
max,w010_new,0,40012,1,781,41
max,w010_new,0,40013,1,797,41
max,w010_new,0,40014,1,798,41
max,w010_new,0,40015,1,783,41
max,w010_new,0,40016,1,792,41
max,w010_new,0,40017,0,,42
max,w010_new,0,40018,1,781,41
max,w010_new,0,40019,1,786,41
max,w010_new,0,40020,0,,42
max,w010_new,0,40021,0,,42
max,w010_new,0,40022,1,797,40
max,w010_new,0,40023,0,,42
max,w010_new,0,40024,0,,42
max,w010_new,0,40025,0,,42
max,w010_new,0,40026,1,801,40
max,w010_new,0,40027,0,,42
max,w010_new,0,40028,0,,42
max,w010_new,0,40029,0,,42
max,legacy,1,40030,0,,42
max,legacy,1,40031,0,,50
max,legacy,1,40032,0,,46
max,legacy,1,40033,1,781,41
max,legacy,1,40034,1,790,41
max,legacy,1,40035,0,,42
max,legacy,1,40036,0,,42
max,legacy,1,40037,0,,47
max,legacy,1,40038,0,,42
max,legacy,1,40039,0,,42
max,legacy,1,40040,0,,45
max,legacy,1,40041,0,,42
max,legacy,1,40042,0,,43
max,legacy,1,40043,0,,42
max,legacy,1,40044,0,,42
max,legacy,1,40045,0,,46
max,legacy,1,40046,0,,42
max,legacy,1,40047,0,,42
max,legacy,1,40048,1,798,41
max,legacy,1,40049,0,,42
max,legacy,1,40050,0,,42
max,legacy,1,40051,0,,42
max,legacy,1,40052,0,,42
max,legacy,1,40053,0,,44
max,legacy,1,40054,0,,45
max,legacy,1,40055,0,,42
max,legacy,1,40056,1,784,41
max,legacy,1,40057,0,,42
max,legacy,1,40058,0,,42
max,legacy,1,40059,0,,42
max,w001_old,1,40030,0,,42
max,w001_old,1,40031,0,,50
max,w001_old,1,40032,0,,46
max,w001_old,1,40033,1,781,41
max,w001_old,1,40034,1,790,41
max,w001_old,1,40035,0,,42
max,w001_old,1,40036,0,,42
max,w001_old,1,40037,0,,47
max,w001_old,1,40038,0,,42
max,w001_old,1,40039,0,,42
max,w001_old,1,40040,0,,45
max,w001_old,1,40041,0,,42
max,w001_old,1,40042,0,,43
max,w001_old,1,40043,0,,42
max,w001_old,1,40044,0,,42
max,w001_old,1,40045,0,,46
max,w001_old,1,40046,0,,42
max,w001_old,1,40047,0,,42
max,w001_old,1,40048,0,,42
max,w001_old,1,40049,0,,42
max,w001_old,1,40050,0,,42
max,w001_old,1,40051,0,,42
max,w001_old,1,40052,0,,42
max,w001_old,1,40053,0,,44
max,w001_old,1,40054,0,,51
max,w001_old,1,40055,0,,42
max,w001_old,1,40056,1,784,41
max,w001_old,1,40057,0,,42
max,w001_old,1,40058,0,,42
max,w001_old,1,40059,0,,43
max,w001_new,1,40030,0,,44
max,w001_new,1,40031,0,,45
max,w001_new,1,40032,0,,46
max,w001_new,1,40033,1,781,41
max,w001_new,1,40034,1,790,41
max,w001_new,1,40035,0,,44
max,w001_new,1,40036,1,792,41
max,w001_new,1,40037,0,,47
max,w001_new,1,40038,1,806,40
max,w001_new,1,40039,0,,42
max,w001_new,1,40040,0,,45
max,w001_new,1,40041,0,,42
max,w001_new,1,40042,0,,42
max,w001_new,1,40043,0,,42
max,w001_new,1,40044,0,,42
max,w001_new,1,40045,0,,46
max,w001_new,1,40046,0,,42
max,w001_new,1,40047,0,,42
max,w001_new,1,40048,1,792,41
max,w001_new,1,40049,0,,42
max,w001_new,1,40050,0,,42
max,w001_new,1,40051,0,,42
max,w001_new,1,40052,0,,42
max,w001_new,1,40053,0,,44
max,w001_new,1,40054,0,,45
max,w001_new,1,40055,0,,42
max,w001_new,1,40056,1,784,41
max,w001_new,1,40057,0,,42
max,w001_new,1,40058,1,780,41
max,w001_new,1,40059,0,,43
max,w010_old,1,40030,0,,42
max,w010_old,1,40031,0,,42
max,w010_old,1,40032,0,,46
max,w010_old,1,40033,1,781,41
max,w010_old,1,40034,0,,42
max,w010_old,1,40035,0,,42
max,w010_old,1,40036,0,,44
max,w010_old,1,40037,0,,45
max,w010_old,1,40038,0,,42
max,w010_old,1,40039,0,,42
max,w010_old,1,40040,0,,42
max,w010_old,1,40041,0,,42
max,w010_old,1,40042,0,,44
max,w010_old,1,40043,0,,42
max,w010_old,1,40044,0,,42
max,w010_old,1,40045,0,,46
max,w010_old,1,40046,0,,42
max,w010_old,1,40047,0,,44
max,w010_old,1,40048,0,,44
max,w010_old,1,40049,0,,42
max,w010_old,1,40050,0,,42
max,w010_old,1,40051,0,,42
max,w010_old,1,40052,0,,44
max,w010_old,1,40053,0,,46
max,w010_old,1,40054,0,,42
max,w010_old,1,40055,0,,42
max,w010_old,1,40056,0,,42
max,w010_old,1,40057,0,,42
max,w010_old,1,40058,0,,42
max,w010_old,1,40059,0,,42
max,w010_new,1,40030,1,781,41
max,w010_new,1,40031,0,,44
max,w010_new,1,40032,0,,43
max,w010_new,1,40033,1,781,41
max,w010_new,1,40034,1,781,41
max,w010_new,1,40035,0,,43
max,w010_new,1,40036,0,,42
max,w010_new,1,40037,0,,46
max,w010_new,1,40038,1,808,40
max,w010_new,1,40039,1,792,41
max,w010_new,1,40040,0,,45
max,w010_new,1,40041,0,,42
max,w010_new,1,40042,0,,42
max,w010_new,1,40043,0,,42
max,w010_new,1,40044,1,792,41
max,w010_new,1,40045,0,,46
max,w010_new,1,40046,0,,42
max,w010_new,1,40047,1,780,41
max,w010_new,1,40048,1,792,41
max,w010_new,1,40049,0,,42
max,w010_new,1,40050,0,,42
max,w010_new,1,40051,1,798,41
max,w010_new,1,40052,1,786,40
max,w010_new,1,40053,0,,43
max,w010_new,1,40054,0,,44
max,w010_new,1,40055,0,,42
max,w010_new,1,40056,0,,42
max,w010_new,1,40057,1,817,40
max,w010_new,1,40058,1,783,41
max,w010_new,1,40059,0,,42
max,legacy,2,40060,0,,44
max,legacy,2,40061,1,781,41
max,legacy,2,40062,0,,45
max,legacy,2,40063,0,,43
max,legacy,2,40064,1,771,41
max,legacy,2,40065,0,,42
max,legacy,2,40066,0,,43
max,legacy,2,40067,0,,42
max,legacy,2,40068,1,778,41
max,legacy,2,40069,0,,42
max,legacy,2,40070,0,,42
max,legacy,2,40071,1,797,41
max,legacy,2,40072,1,783,40
max,legacy,2,40073,0,,42
max,legacy,2,40074,0,,42
max,legacy,2,40075,0,,42
max,legacy,2,40076,0,,42
max,legacy,2,40077,0,,42
max,legacy,2,40078,0,,42
max,legacy,2,40079,0,,42
max,legacy,2,40080,0,,45
max,legacy,2,40081,0,,42
max,legacy,2,40082,0,,42
max,legacy,2,40083,0,,42
max,legacy,2,40084,0,,42
max,legacy,2,40085,0,,44
max,legacy,2,40086,0,,44
max,legacy,2,40087,1,801,41
max,legacy,2,40088,0,,42
max,legacy,2,40089,1,787,40
max,w001_old,2,40060,0,,44
max,w001_old,2,40061,1,781,41
max,w001_old,2,40062,0,,56
max,w001_old,2,40063,0,,43
max,w001_old,2,40064,0,,42
max,w001_old,2,40065,0,,42
max,w001_old,2,40066,0,,42
max,w001_old,2,40067,0,,42
max,w001_old,2,40068,0,,42
max,w001_old,2,40069,0,,42
max,w001_old,2,40070,0,,42
max,w001_old,2,40071,1,797,41
max,w001_old,2,40072,1,783,40
max,w001_old,2,40073,0,,42
max,w001_old,2,40074,0,,42
max,w001_old,2,40075,0,,43
max,w001_old,2,40076,0,,43
max,w001_old,2,40077,0,,46
max,w001_old,2,40078,0,,42
max,w001_old,2,40079,0,,42
max,w001_old,2,40080,0,,45
max,w001_old,2,40081,0,,42
max,w001_old,2,40082,0,,46
max,w001_old,2,40083,0,,42
max,w001_old,2,40084,0,,42
max,w001_old,2,40085,0,,44
max,w001_old,2,40086,0,,44
max,w001_old,2,40087,1,801,41
max,w001_old,2,40088,0,,42
max,w001_old,2,40089,0,,42
max,w001_new,2,40060,0,,44
max,w001_new,2,40061,1,781,41
max,w001_new,2,40062,0,,45
max,w001_new,2,40063,0,,43
max,w001_new,2,40064,0,,42
max,w001_new,2,40065,0,,42
max,w001_new,2,40066,0,,43
max,w001_new,2,40067,0,,42
max,w001_new,2,40068,1,778,41
max,w001_new,2,40069,0,,42
max,w001_new,2,40070,0,,42
max,w001_new,2,40071,1,797,41
max,w001_new,2,40072,1,790,40
max,w001_new,2,40073,0,,42
max,w001_new,2,40074,0,,42
max,w001_new,2,40075,0,,43
max,w001_new,2,40076,0,,42
max,w001_new,2,40077,0,,42
max,w001_new,2,40078,0,,42
max,w001_new,2,40079,0,,42
max,w001_new,2,40080,0,,45
max,w001_new,2,40081,0,,42
max,w001_new,2,40082,0,,42
max,w001_new,2,40083,0,,42
max,w001_new,2,40084,0,,42
max,w001_new,2,40085,0,,44
max,w001_new,2,40086,0,,44
max,w001_new,2,40087,1,801,41
max,w001_new,2,40088,1,783,41
max,w001_new,2,40089,1,798,40
max,w010_old,2,40060,0,,44
max,w010_old,2,40061,0,,42
max,w010_old,2,40062,0,,42
max,w010_old,2,40063,0,,44
max,w010_old,2,40064,0,,44
max,w010_old,2,40065,0,,43
max,w010_old,2,40066,0,,43
max,w010_old,2,40067,0,,42
max,w010_old,2,40068,0,,44
max,w010_old,2,40069,0,,44
max,w010_old,2,40070,0,,44
max,w010_old,2,40071,0,,42
max,w010_old,2,40072,0,,42
max,w010_old,2,40073,0,,44
max,w010_old,2,40074,0,,42
max,w010_old,2,40075,0,,42
max,w010_old,2,40076,0,,42
max,w010_old,2,40077,0,,42
max,w010_old,2,40078,0,,42
max,w010_old,2,40079,0,,43
max,w010_old,2,40080,0,,43
max,w010_old,2,40081,0,,44
max,w010_old,2,40082,0,,42
max,w010_old,2,40083,0,,44
max,w010_old,2,40084,0,,43
max,w010_old,2,40085,0,,44
max,w010_old,2,40086,0,,44
max,w010_old,2,40087,0,,42
max,w010_old,2,40088,0,,44
max,w010_old,2,40089,0,,43
max,w010_new,2,40060,0,,42
max,w010_new,2,40061,1,779,41
max,w010_new,2,40062,0,,56
max,w010_new,2,40063,1,779,41
max,w010_new,2,40064,0,,44
max,w010_new,2,40065,0,,42
max,w010_new,2,40066,0,,42
max,w010_new,2,40067,1,779,41
max,w010_new,2,40068,0,,42
max,w010_new,2,40069,1,779,41
max,w010_new,2,40070,1,762,41
max,w010_new,2,40071,1,807,40
max,w010_new,2,40072,1,779,41
max,w010_new,2,40073,0,,42
max,w010_new,2,40074,1,792,41
max,w010_new,2,40075,0,,44
max,w010_new,2,40076,0,,42
max,w010_new,2,40077,1,773,41
max,w010_new,2,40078,1,781,41
max,w010_new,2,40079,0,,44
max,w010_new,2,40080,1,779,41
max,w010_new,2,40081,0,,44
max,w010_new,2,40082,1,781,41
max,w010_new,2,40083,0,,44
max,w010_new,2,40084,1,779,41
max,w010_new,2,40085,0,,44
max,w010_new,2,40086,1,779,41
max,w010_new,2,40087,1,776,41
max,w010_new,2,40088,0,,49
max,w010_new,2,40089,0,,44
