circuit,seed,group,primary,feasible_rollouts,mean_luts_if_feasible
int2float,0,legacy,46.86666666666667,30,46.86666666666667
int2float,0,w001_old,46.833333333333336,30,46.833333333333336
int2float,0,w001_new,46.766666666666666,30,46.766666666666666
int2float,0,w010_old,47.333333333333336,30,47.333333333333336
int2float,0,w010_new,47.0,30,47.0
int2float,1,legacy,46.6,30,46.6
int2float,1,w001_old,46.36666666666667,30,46.36666666666667
int2float,1,w001_new,46.43333333333333,30,46.43333333333333
int2float,1,w010_old,46.53333333333333,30,46.53333333333333
int2float,1,w010_new,46.53333333333333,30,46.53333333333333
int2float,2,legacy,46.46666666666667,30,46.46666666666667
int2float,2,w001_old,46.7,30,46.7
int2float,2,w001_new,46.36666666666667,30,46.36666666666667
int2float,2,w010_old,46.96666666666667,30,46.96666666666667
int2float,2,w010_new,46.6,30,46.6
i2c,0,legacy,315.53333333333336,30,315.53333333333336
i2c,0,w001_old,315.53333333333336,30,315.53333333333336
i2c,0,w001_new,312.7,30,312.7
i2c,0,w010_old,310.96666666666664,30,310.96666666666664
i2c,0,w010_new,305.7,30,305.7
i2c,1,legacy,322.23333333333335,30,322.23333333333335
i2c,1,w001_old,319.9,30,319.9
i2c,1,w001_new,318.96666666666664,30,318.96666666666664
i2c,1,w010_old,314.0,30,314.0
i2c,1,w010_new,308.53333333333336,30,308.53333333333336
i2c,2,legacy,321.3,30,321.3
i2c,2,w001_old,320.1666666666667,30,320.1666666666667
i2c,2,w001_new,317.1,30,317.1
i2c,2,w010_old,313.6,30,313.6
i2c,2,w010_new,306.1,30,306.1
max,0,legacy,0.23333333333333334,7,791.2857142857143
max,0,w001_old,0.3,9,789.8888888888889
max,0,w001_new,0.3333333333333333,10,783.8
max,0,w010_old,0.2,6,793.3333333333334
max,0,w010_new,0.43333333333333335,13,789.9230769230769
max,1,legacy,0.13333333333333333,4,788.25
max,1,w001_old,0.1,3,785.0
max,1,w001_new,0.23333333333333334,7,789.2857142857143
max,1,w010_old,0.03333333333333333,1,781.0
max,1,w010_new,0.4,12,790.9166666666666
max,2,legacy,0.23333333333333334,7,785.4285714285714
max,2,w001_old,0.13333333333333333,4,790.5
max,2,w001_new,0.23333333333333334,7,789.7142857142857
max,2,w010_old,0.0,0,
max,2,w010_new,0.5,15,780.2666666666667
