circuit,seed,contrast,improvement
int2float,0,final_minus_legacy,-0.13333333333333286
int2float,0,window_at_001,0.03333333333333144
int2float,0,learning_rate_old_reward,-0.5
int2float,0,learning_rate_new_reward,-0.23333333333333428
int2float,0,new_reward_at_001,0.06666666666666998
int2float,0,new_reward_at_010,0.3333333333333357
int2float,0,interaction,0.2666666666666657
int2float,1,final_minus_legacy,0.06666666666666998
int2float,1,window_at_001,0.23333333333333428
int2float,1,learning_rate_old_reward,-0.1666666666666643
int2float,1,learning_rate_new_reward,-0.10000000000000142
int2float,1,new_reward_at_001,-0.06666666666666288
int2float,1,new_reward_at_010,0.0
int2float,1,interaction,0.06666666666666288
int2float,2,final_minus_legacy,-0.13333333333333286
int2float,2,window_at_001,-0.23333333333333428
int2float,2,learning_rate_old_reward,-0.2666666666666657
int2float,2,learning_rate_new_reward,-0.23333333333333428
int2float,2,new_reward_at_001,0.3333333333333357
int2float,2,new_reward_at_010,0.36666666666666714
int2float,2,interaction,0.03333333333333144
i2c,0,final_minus_legacy,9.833333333333371
i2c,0,window_at_001,0.0
i2c,0,learning_rate_old_reward,4.56666666666672
i2c,0,learning_rate_new_reward,7.0
i2c,0,new_reward_at_001,2.8333333333333712
i2c,0,new_reward_at_010,5.2666666666666515
i2c,0,interaction,2.4333333333332803
i2c,1,final_minus_legacy,13.699999999999989
i2c,1,window_at_001,2.3333333333333712
i2c,1,learning_rate_old_reward,5.899999999999977
i2c,1,learning_rate_new_reward,10.43333333333328
i2c,1,new_reward_at_001,0.9333333333333371
i2c,1,new_reward_at_010,5.46666666666664
i2c,1,interaction,4.533333333333303
i2c,2,final_minus_legacy,15.199999999999989
i2c,2,window_at_001,1.1333333333333258
i2c,2,learning_rate_old_reward,6.566666666666663
i2c,2,learning_rate_new_reward,11.0
i2c,2,new_reward_at_001,3.066666666666663
i2c,2,new_reward_at_010,7.5
i2c,2,interaction,4.433333333333337
max,0,final_minus_legacy,0.2
max,0,window_at_001,0.06666666666666665
max,0,learning_rate_old_reward,-0.09999999999999998
max,0,learning_rate_new_reward,0.10000000000000003
max,0,new_reward_at_001,0.033333333333333326
max,0,new_reward_at_010,0.23333333333333334
max,0,interaction,0.2
max,1,final_minus_legacy,0.2666666666666667
max,1,window_at_001,-0.033333333333333326
max,1,learning_rate_old_reward,-0.06666666666666668
max,1,learning_rate_new_reward,0.16666666666666669
max,1,new_reward_at_001,0.13333333333333333
max,1,new_reward_at_010,0.3666666666666667
max,1,interaction,0.23333333333333336
max,2,final_minus_legacy,0.26666666666666666
max,2,window_at_001,-0.1
max,2,learning_rate_old_reward,-0.13333333333333333
max,2,learning_rate_new_reward,0.26666666666666666
max,2,new_reward_at_001,0.1
max,2,new_reward_at_010,0.5
max,2,interaction,0.4
