circuit,seed,metric,window,reward,initial,improvement,reward_optimal_probability,window_optimal_probability,reward_greedy_actions,reward_greedy_best_luts,reward_greedy_feasible
i2c,0,expected_gap,17.643718218687464,1.963062339109482,19.57696871479585,15.680655879577982,2.5604623840578906e-07,1.4125033770372486e-06,"[5, 1, 1, 1]",313,True
i2c,1,expected_gap,12.189639539337358,7.01681134327714,22.822368854815135,5.172828196060219,0.05566006847198219,0.0020411116331941178,"[1, 1, 1, 1]",325,True
i2c,2,expected_gap,13.019996502660476,1.4803978856189608,20.36483144979935,11.539598617041515,0.0002681205671740719,5.956422956291364e-07,"[5, 1, 1, 1]",313,True
i2c,3,expected_gap,13.235448547905792,4.68067450621173,20.566841960279433,8.554774041694062,0.04037866303332903,1.422675242090427e-06,"[4, 1, 1, 1]",313,True
i2c,4,expected_gap,12.535368055792325,4.830660538140761,20.65600802402754,7.704707517651564,0.012707011145538941,0.00017585672285424798,"[5, 1, 1, 1]",313,True
i2c,5,expected_gap,12.31185364791262,7.456990016746709,20.161237043583743,4.8548636311659115,0.00511403374519527,0.00022600918903982318,"[1, 1, 1, 1]",325,True
i2c,6,expected_gap,19.71120201798985,1.6289736527883079,20.312527145025413,18.082228365201544,5.3397735644299136e-05,0.0003397131833298475,"[4, 1, 1, 1]",313,True
i2c,7,expected_gap,12.782083751039039,4.070365315075794,19.775359359721204,8.711718435963245,0.014294420181312367,0.0002522734264210866,"[5, 1, 1, 1]",313,True
i2c,8,expected_gap,12.920180937026092,1.0814654398305439,20.506636340371752,11.83871549719555,1.148732394297563e-06,3.390020278757908e-05,"[4, 1, 1, 1]",313,True
i2c,9,expected_gap,17.830741222152678,7.4143323806941455,20.215242769826773,10.416408841458534,0.05558680942874599,0.0013355826466904157,"[1, 1, 1, 1]",325,True
max,0,feasible_probability,6.026836769956373e-09,0.3611846636895615,0.013707572804623595,0.36118465766272473,0.2581602300096077,2.8638766359976665e-09,"[3, 6, 6, 6]",791,False
max,1,feasible_probability,5.750175810866844e-08,0.9910506077900295,0.013273000350670583,0.9910505502882714,0.98683066317646,1.993251949669097e-08,"[3, 1, 6, 6]",781,True
max,2,feasible_probability,0.0005169677981711225,0.6033404880136292,0.015940429909801407,0.602823520215458,0.3084294400582739,8.531476866003908e-09,"[6, 6, 6, 6]",768,False
max,3,feasible_probability,1.745743115165084e-06,7.735020753750594e-05,0.010098905514253562,7.560446442234085e-05,5.8799334098743446e-05,2.8776548325889966e-08,"[3, 3, 6, 6]",791,False
max,4,feasible_probability,1.0536445699503821e-06,0.3969233532212669,0.009692200850094963,0.39692229957669695,0.2545195789290572,7.696430728787178e-07,"[6, 6, 6, 6]",768,False
max,5,feasible_probability,5.393522826934774e-08,0.5708996887167869,0.01072797002301974,0.5708996347815586,0.4066979497513677,5.0970299571275305e-09,"[3, 1, 6, 6]",781,True
max,6,feasible_probability,6.056095547550962e-10,0.4686048021498951,0.005523183578810738,0.4686048015442855,0.2677344491666106,1.5609430399765458e-10,"[1, 1, 6, 6]",769,False
max,7,feasible_probability,5.458012378470613e-05,0.18636784601653758,0.02176484383403869,0.18631326589275288,5.136542818628732e-06,4.5458581800960505e-06,"[3, 6, 6, 3]",791,False
max,8,feasible_probability,4.375496135508194e-06,0.8680014512737362,0.013274354060184998,0.8679970757776007,0.7852954093839046,4.374881590006531e-06,"[3, 1, 6, 6]",781,True
max,9,feasible_probability,1.1960925297613915e-08,0.006049952011891746,0.014443285766293135,0.006049940050966448,6.448062154576321e-05,1.1478374369033019e-08,"[6, 3, 3, 3]",782,False
int2float,0,expected_gap,3.857808076835019,3.634783488733795,4.252448138826457,0.22302458810122427,6.249002308218339e-07,6.318108462853048e-05,"[6, 6, 6, 6]",49,True
int2float,1,expected_gap,4.062968384219177,2.8917292835583623,4.155051866300113,1.1712391006608147,2.8297878449907476e-08,4.920984371023712e-15,"[3, 6, 4, 4]",46,True
int2float,2,expected_gap,3.8024916298546096,2.7568090019614915,4.127192667107948,1.0456826278931182,2.6552206758192737e-06,3.415119176047632e-05,"[3, 5, 5, 5]",48,True
int2float,3,expected_gap,4.078490880182684,2.0591328971626823,4.221176820618453,2.0193579830200012,8.337077960324226e-08,6.853408752067003e-10,"[3, 6, 4, 4]",46,True
int2float,4,expected_gap,3.7572208455042087,2.17821985959988,4.261873904212135,1.5790009859043286,1.5664818804271279e-06,0.00042675327004453717,"[3, 6, 5, 5]",46,True
int2float,5,expected_gap,3.7610089065814387,3.8480330221348313,4.268873336970326,-0.08702411555339262,0.0007298441685766812,1.6652635852538603e-09,"[3, 3, 3, 3]",49,True
int2float,6,expected_gap,3.8669879843811663,2.8984430994737616,4.325728828600187,0.9685448849074048,1.8716406373895468e-06,1.105392831072064e-06,"[3, 6, 5, 5]",46,True
int2float,7,expected_gap,3.809105941994492,2.315148692213841,4.196559688823946,1.4939572497806508,4.894862744492287e-07,0.0004110769068225545,"[3, 6, 5, 5]",46,True
int2float,8,expected_gap,2.7281438146638157,2.077629612500039,4.2012980530670525,0.6505142021637766,2.978148421776739e-07,1.520644974029138e-08,"[3, 6, 4, 4]",46,True
int2float,9,expected_gap,2.8523564338659453,3.475625755141591,4.157527408602034,-0.6232693212756457,0.00025299156524977216,5.285722176895427e-07,"[3, 3, 3, 3]",49,True
