circuit,episode,metric,window,reward
i2c,0,expected_gap,20.49580216622462,20.49580216622462
i2c,50,expected_gap,17.975420870790515,12.995931546123732
i2c,100,expected_gap,15.249176835359998,8.61748751343421
i2c,150,expected_gap,14.523048894272254,6.916647767964565
i2c,200,expected_gap,15.814588282100914,5.51012574816512
i2c,250,expected_gap,14.418023244050369,4.162373341749357
max,0,feasible_probability,0.01284457466917914,0.01284457466917914
max,50,feasible_probability,0.007522258808855498,0.028083610825072224
max,100,feasible_probability,0.0014817417888581793,0.08351417843531435
max,150,feasible_probability,8.15920986272719e-05,0.19835024935463738
max,200,feasible_probability,3.192742114422674e-05,0.36841996792882936
max,250,feasible_probability,5.788528361344525e-05,0.44525002030908717
int2float,0,expected_gap,4.216773071312865,4.216773071312865
int2float,50,expected_gap,4.064726009223949,3.962724088839907
int2float,100,expected_gap,3.9305825967714467,3.7646343972981304
int2float,150,expected_gap,3.917995552331932,3.3839298484177407
int2float,200,expected_gap,3.7894263257374106,3.0857794306288504
int2float,250,expected_gap,3.6576582898082557,2.8135554712480277
