circuit,group,seed,source,best_luts,best_levels,best_feasible,episode_feasible_rate,mapping_calls
max,reward,0,new,764,41,True,0.44,1100
max,reward,1,new,772,41,True,0.29,1100
max,reward,2,new,760,40,True,0.54,1100
max,reward,3,new,767,41,True,0.26,1100
max,reward,4,new,768,41,True,0.43,1100
max,frozen,0,historical-verified,763,41,True,0.24,1100
max,frozen,1,historical-verified,775,41,True,0.19,1100
max,frozen,2,historical-verified,773,41,True,0.23,1100
max,frozen,3,new,769,41,True,0.19,1100
max,frozen,4,new,770,41,True,0.18,1100
max,uniform,0,historical-verified,769,41,True,0.23,1100
max,uniform,1,historical-verified,778,41,True,0.22,1100
max,uniform,2,historical-verified,777,41,True,0.17,1100
max,uniform,3,new,769,41,True,0.19,1100
max,uniform,4,new,770,41,True,0.2,1100
max,greedy,0,new,,44,False,0.0,1100
max,greedy,1,new,767,41,True,1.0,1100
max,greedy,2,new,779,41,True,1.0,1100
max,greedy,3,new,,44,False,0.0,1100
max,greedy,4,new,,44,False,0.0,1100
i2c,reward,0,new,298,4,True,1.0,1100
i2c,reward,1,new,299,4,True,1.0,1100
i2c,reward,2,new,297,4,True,1.0,1100
i2c,reward,3,new,297,4,True,1.0,1100
i2c,reward,4,new,295,4,True,1.0,1100
i2c,frozen,0,historical-verified,301,4,True,1.0,1100
i2c,frozen,1,historical-verified,307,4,True,1.0,1100
i2c,frozen,2,historical-verified,306,4,True,1.0,1100
i2c,frozen,3,new,304,4,True,1.0,1100
i2c,frozen,4,new,305,4,True,1.0,1100
i2c,uniform,0,historical-verified,304,4,True,1.0,1100
i2c,uniform,1,historical-verified,304,4,True,1.0,1100
i2c,uniform,2,historical-verified,305,4,True,1.0,1100
i2c,uniform,3,new,304,4,True,1.0,1100
i2c,uniform,4,new,306,4,True,1.0,1100
i2c,greedy,0,new,314,4,True,1.0,1100
i2c,greedy,1,new,314,4,True,1.0,1100
i2c,greedy,2,new,314,4,True,1.0,1100
i2c,greedy,3,new,314,4,True,1.0,1100
i2c,greedy,4,new,314,4,True,1.0,1100
