circuit,group,seed,best_luts,best_levels,best_feasible
i2c,window,0,316,4,True
i2c,window,1,312,4,True
i2c,window,2,313,4,True
i2c,window,3,313,4,True
i2c,window,4,313,4,True
i2c,window,5,313,4,True
i2c,window,6,317,4,True
i2c,window,7,312,4,True
i2c,window,8,313,4,True
i2c,window,9,312,4,True
i2c,reward,0,313,4,True
i2c,reward,1,312,4,True
i2c,reward,2,312,4,True
i2c,reward,3,312,4,True
i2c,reward,4,312,4,True
i2c,reward,5,312,4,True
i2c,reward,6,312,4,True
i2c,reward,7,312,4,True
i2c,reward,8,313,4,True
i2c,reward,9,312,4,True
max,window,0,790,41,True
max,window,1,797,41,True
max,window,2,790,41,True
max,window,3,767,42,False
max,window,4,781,41,True
max,window,5,781,41,True
max,window,6,790,40,True
max,window,7,781,41,True
max,window,8,781,41,True
max,window,9,782,42,False
max,reward,0,781,41,True
max,reward,1,781,41,True
max,reward,2,781,41,True
max,reward,3,767,42,False
max,reward,4,781,41,True
max,reward,5,781,41,True
max,reward,6,781,41,True
max,reward,7,790,40,True
max,reward,8,781,41,True
max,reward,9,766,42,False
int2float,window,0,45,3,True
int2float,window,1,45,3,True
int2float,window,2,44,3,True
int2float,window,3,46,3,True
int2float,window,4,46,3,True
int2float,window,5,45,3,True
int2float,window,6,46,3,True
int2float,window,7,45,3,True
int2float,window,8,45,3,True
int2float,window,9,45,3,True
int2float,reward,0,45,3,True
int2float,reward,1,45,3,True
int2float,reward,2,44,3,True
int2float,reward,3,45,3,True
int2float,reward,4,46,3,True
int2float,reward,5,45,3,True
int2float,reward,6,45,3,True
int2float,reward,7,45,3,True
int2float,reward,8,45,3,True
int2float,reward,9,45,3,True
